Aspect_Ratio,Circularity,Solidity,Mean_Blue,Mean_Green,Mean_Red,Std_Blue,Std_Green,Std_Red,Pink_Ratio,White_Ratio,Redness,Pink_Intensity,Pink_Dominance,Label
1.2495867768595041,0.775723258966829,1.0,136.46171195176876,154.72347473654293,161.7300815241156,49.50671830945349,47.36122793896803,48.0913556212275,0.0,0.15351917509374524,7.006606787572679,1.1765463941032677,-1.5351917509374524,1
2.221487603305785,0.5184526494332904,0.9976368371143484,100.7478440247355,116.57157394137806,121.98931270653098,61.84564790468601,63.94815484461713,57.147242537233836,5.346161195807403e-06,0.09958925032289442,5.417738765152919,1.1989375684154513,-0.9953578871093636,1
2.221487603305785,0.6724049820163024,1.0,104.07442197953561,130.017545995671,147.10357252175433,35.02125917189267,37.921620166406264,42.40118524914593,0.0,0.003044760329059491,17.086026526083344,1.399994116079024,-0.030447603290594913,1
2.221487603305785,0.6724049820163024,1.0,134.62673460798462,157.72999461607415,172.8626688967598,41.53650834395489,43.369937106212696,46.90591313108056,0.0,0.07829946361125752,15.132674280685649,1.2745471561812787,-0.7829946361125751,1
2.221487603305785,0.6724049820163024,1.0,94.77735307621671,115.14849509707464,132.12529461279462,57.98102256517414,58.726089337744305,56.91217450090528,0.0,0.020049002808170527,16.976799515719975,1.379504552685365,-0.20049002808170527,1
2.221487603305785,0.6724049820163024,1.0,95.74716715313306,117.97361862674363,133.58927300603438,55.017463605770764,58.953278142171484,58.879301508678694,8.2054266862904e-07,0.019752923661906882,15.615654379290746,1.3808081098083937,-0.19744718235220593,1
2.221487603305785,0.6724049820163024,1.0,138.19253697691198,154.29904893086712,164.40749048930869,47.43701117903312,48.138355171371096,52.659825532214775,1.23081400294356e-06,0.09966571091680053,10.10844155844157,1.1811516196200889,-0.9965340277677109,1
2.221487603305785,0.6724049820163024,1.0,122.67754848266212,138.51162272071363,146.5469246031746,52.875777477109914,53.5011918031731,57.1021514611024,4.1027133431452e-07,0.09766276626267704,8.03530188246097,1.1849112987853123,-0.976586635493339,1
2.221487603305785,0.6724049820163024,1.0,129.17075571734662,147.18556602278193,158.36581220757358,47.404865867406144,47.82691840692298,50.284472986389716,0.00012390194296298506,0.09556012567431513,11.180246184791656,1.2166005439151772,-0.9432110624468528,1
2.221487603305785,0.6724049820163024,1.0,102.16643914797324,124.26297143513052,141.66915803052166,56.59916786982123,57.07651069540265,55.828666102031185,0.0,0.041000192280498685,17.406186595391134,1.3732097298359147,-0.4100019228049868,1
2.221487603305785,0.6724049820163024,1.0,100.91387085137085,121.51480169661988,141.11493315186496,60.53388800928473,61.66497481813557,58.11154497197306,0.0,0.04745895713950073,19.600131455245076,1.384648939079786,-0.47458957139500735,1
2.221487603305785,0.6724049820163024,1.0,105.48051961716735,126.96659560977743,149.4465902258516,48.520512841785944,47.278373228091574,41.357599143082915,1.3675711143817334e-07,0.03869720252387984,22.479994616074165,1.403511090696791,-0.3869583495276546,1
2.221487603305785,0.6207452309024603,0.9993091030730143,137.53245676922614,150.95405244534885,158.03839304845408,59.70001445034188,57.14601244589823,60.73720693503131,0.0,0.20540668071494592,7.0843406031052325,1.1408040883279926,-2.054066807149459,1
2.221487603305785,0.6724049820163024,1.0,124.40958639424548,140.8451142922734,148.9869663900914,58.43146841882255,60.74132442111905,65.77422559528165,3.145413563077987e-06,0.13569026921184416,8.141852097818003,1.1880030121599043,-1.3565881507621338,1
2.221487603305785,0.6724049820163024,1.0,112.75277969084787,127.30473279876689,132.00964501617912,52.90200763113405,54.872949029955656,59.735144000024405,0.0,0.0720328424938261,4.704912217412229,1.1604959929326468,-0.7203284249382611,1
2.221487603305785,0.4454795021110073,0.9965116679799908,105.04438935080047,122.63159700152622,124.93696698201936,45.80087178466099,46.084121399616116,43.66685418022306,0.0,0.040684935821318394,2.30536998049314,1.178157257982987,-0.4068493582131839,1
2.221487603305785,0.6724049820163024,1.0,121.84861220429403,138.35188792688794,140.80763301303074,49.99661055936287,50.82595392849387,50.78409082303631,0.0,0.1210712075133263,2.455745086142798,1.1461882270096087,-1.210712075133263,1
2.221487603305785,0.6724049820163024,1.0,98.01229598473917,112.76073860903406,134.72287758537757,61.66972986714865,63.30609931689739,60.39695827517089,0.0011927955259637478,0.1048706865781374,21.96213897634351,1.3606681498037627,-0.9294273131849993,1
2.221487603305785,0.5912757745397877,0.9920696505792742,128.03198165602143,131.9267115562512,119.52288313370781,64.58414502505052,54.81207785105011,63.22422983144348,2.7616768183605113e-07,0.08515934253864656,-12.403828422543398,0.92630432858372,-0.8515658086182819,1
2.221487603305785,0.664886364189634,0.9998985262233129,127.21278727367718,136.27420060406956,137.17255819680543,50.280083880607414,50.45602226498729,58.766804633392226,0.0,0.1019454032090851,0.8983575927358629,1.0698820383960854,-1.019454032090851,1
2.221487603305785,0.6724049820163024,1.0,133.88889080195898,141.72420853557216,145.968064164371,59.721233878313264,58.86359652329065,63.220056207376246,0.0003431235925983769,0.1514883139680705,4.243855628798826,1.082135550945246,-1.4805707804208672,1
2.221487603305785,0.6724049820163024,1.0,134.95416816979318,147.48980470287287,156.03320925707288,52.91729469514989,54.75671788978412,60.42044975778402,0.0002588812119524621,0.1270078337208574,8.54340455420001,1.1476897792659286,-1.2441902160133276,1
2.221487603305785,0.6724049820163024,1.0,126.81989633893043,140.99578673641173,147.79164575954348,56.0564555253144,58.199291302707714,63.003649036810664,5.470284457526933e-07,0.13451210669680427,6.795859023131754,1.1562491442463343,-1.3450663641234675,1
2.221487603305785,0.6724049820163024,1.0,141.11280212842712,148.86182004022913,150.81509958896322,47.320933544628375,44.236822486007114,51.86101754587586,0.0,0.11470188180520481,1.9532795487340877,1.0612351408895015,-1.1470188180520482,1
2.221487603305785,0.6724049820163024,1.0,128.37326648519831,140.2563992194674,143.8943904685382,53.96512110944814,54.63274437962871,58.53288844071553,0.0,0.1334273492888767,3.637991249070808,1.1122420758001133,-1.334273492888767,1
2.221487603305785,0.6467616791856542,0.9995597104797248,77.4766899932604,104.4326805168032,120.84222683073205,48.61746392449216,56.078030188798465,57.99843171292616,0.0,0.008590350997388226,16.409546313928843,1.539848671511375,-0.08590350997388226,1
2.221487603305785,0.6724049820163024,1.0,101.89889492872447,115.92054404980541,139.55763547269228,61.18098712795249,62.817744476582135,58.30942959865255,0.0038151131377907217,0.1122829220180864,23.63709142288687,1.3562598079343846,-0.7413179064017918,1
2.221487603305785,0.6724049820163024,1.0,122.04368112947658,134.5110324019415,142.38919429686476,52.38848502564067,53.18529639438152,52.322857277253696,4.348876143733912e-05,0.1355972743760662,7.878161894923267,1.1572247594497052,-1.351623867616928,1
2.221487603305785,0.6234780942385305,0.9993585407687993,110.92876273551664,130.2156085332508,136.82332262543136,46.631980594327516,48.22339870618656,46.278497560771676,3.0105876208605533e-06,0.06203740011947927,6.607714092180572,1.2224143221232562,-0.6200729424327066,1
2.221487603305785,0.6608912591224817,0.9998296690177038,119.74386302799472,134.16343970013457,140.24557851281463,53.75131498605162,55.91888016925252,60.83874548395989,2.7492862285312035e-05,0.09213596766018713,6.082138812680057,1.161513098850402,-0.91861039037334,1
2.221487603305785,0.6724049820163024,1.0,119.61698450959814,132.8894096538983,140.5081857536403,53.927746615628216,54.91905635471063,59.83000714522021,1.3675711143817334e-07,0.09669014968612875,7.618776099742007,1.1649121085634446,-0.9668878211501437,1
2.221487603305785,0.6526071919477484,0.9997291525407968,111.0681602595014,136.25074629068922,148.10446197088535,50.651068400749374,51.647961417330684,56.426907148692976,0.0,0.0656248104118414,11.853715680196132,1.3215570027021009,-0.656248104118414,1
2.221487603305785,0.598148695864093,0.998496902588183,123.25168886671963,139.40784682408213,148.97640560991815,55.970350637748815,58.14529231156517,63.10296379775433,0.0,0.10865026681073346,9.568558785836018,1.198988979294437,-1.0865026681073346,1
2.221487603305785,0.5356400508198512,0.9886487494792973,116.52381549288182,114.75019922025619,103.9331731094806,62.225294126431606,51.66622198516386,58.203620544580104,8.175143386620236e-05,0.03930459546803802,-10.817026110775586,0.8843583972626861,-0.38487081129376,1
2.221487603305785,0.4778832809236702,0.9923714148097558,120.35508851628792,133.6183983139335,130.77668692009797,54.988343629990894,56.41068584717108,55.22594025144792,3.445209862891672e-06,0.09311134422166646,-2.8417113938355385,1.077636615975485,-0.9307689212303755,1
2.221487603305785,0.6613436235023847,0.9998352760592727,125.57666414602537,122.1240591500168,111.44358152835052,67.5275354923084,52.90990411033988,65.37313635980541,1.778135350158278e-06,0.07351372334087833,-10.680477621666284,0.8804433445945729,-0.7349594198737676,1
2.221487603305785,0.6404293099782354,0.9992998035894366,79.82827010998764,89.7977741298315,96.75541518331158,53.04435859362368,57.71466987593207,54.76763306573918,4.516146867285771e-06,0.027288749019106585,6.9576410534800885,1.1970491889984898,-0.2724358755043373,1
2.221487603305785,0.13749739618363718,0.974716208480199,96.2113217927402,111.1789135080179,112.29173898970579,59.39196461983012,63.918065660474305,62.03235069583003,0.0,0.06368942298774875,1.1128254816878922,1.1551302556004521,-0.6368942298774876,1
2.221487603305785,0.6455578351488971,0.9996113362892927,85.90588793186056,98.07509097647099,110.95740930068584,56.99053338686496,60.47538427539307,65.97688483252678,2.968783176494023e-05,0.02702126250719622,12.88231832421485,1.2767536462855442,-0.2672438418954682,1
2.221487603305785,0.5158205477878184,0.9940116112257895,102.26896855075323,108.92871462827429,131.8464078965726,57.20869035234,43.59093255554732,67.81924665580884,0.00020527085193113162,0.018663825710738286,22.917693268298308,1.2767282345012918,-0.1661111719142697,1
1.2495867768595041,0.767910374956713,0.9999085829092843,108.41727506502617,130.055700650378,153.66423626195893,44.620319534667495,48.98634459103474,56.496120188236304,4.964463399972251e-05,0.028576846303427047,23.608535611580947,1.404387343503455,-0.2808039996342982,1
1.2495867768595041,0.775723258966829,1.0,90.39998168918623,116.65944824325506,145.10648722069178,49.69316051717136,51.29474935791675,49.39545388921583,1.2170712152127884e-05,0.02047510357754665,28.44703897743672,1.587598646508916,-0.20353396456025372,1
2.221487603305785,0.6724049820163024,1.0,89.83122717980673,111.57099280139053,126.1908674133106,55.38623013842897,58.42073596171619,57.43651376797264,0.0,0.014222329318235713,14.619874611920068,1.389289469396984,-0.14222329318235713,1
2.221487603305785,0.6621207301971936,0.9998505928557538,111.80526853108434,131.13900202677863,143.19282550433715,54.48915346422768,54.91380923978337,55.88540201055985,0.0,0.038565113258989724,12.053823477558524,1.2693806536605097,-0.38565113258989725,1
2.221487603305785,0.6657404157560697,0.999745153122835,114.98247993744329,141.08080406317944,158.96524854771732,48.463588226584626,50.5732523514038,51.61470326810366,0.0,0.03314838830672125,17.88444448453788,1.370597081847684,-0.33148388306721255,1
1.2495867768595041,0.7493904895144645,0.9995809993029874,121.6771757007386,138.37628602085303,147.87630673142948,58.792006996930425,62.16382955521764,66.98745387466084,5.472275877127159e-07,0.1115686237759716,9.50002071057645,1.2054101008337703,-1.1156315150009448,1
1.2495867768595041,0.7716421261777427,0.9999525478975642,117.82470326245266,134.41505526428492,143.35609612577423,49.08654645891125,52.64226084215184,57.43361489290027,1.367560641057726e-07,0.0638315767016899,8.941040861489313,1.2064502766662766,-0.6383020914104885,1
2.221487603305785,0.6724049820163024,1.0,65.99853677467314,90.8957009215532,109.97248253640299,45.905702002118154,53.91059395697284,54.488075828019355,0.0,0.0025000567542012467,19.076781614849793,1.6414161835542491,-0.025000567542012467,1
2.221487603305785,0.6724049820163024,1.0,101.87194141086187,116.42527233919279,126.37811611788885,62.201279035698825,62.73461105206186,55.13540611404472,9.28580786665197e-05,0.11181138349784758,9.952843778696064,1.2284993787873149,-1.1088280271118238,1
2.221487603305785,0.6724049820163024,1.0,101.75648626415672,120.6424660566706,130.10696289190608,49.49925444161745,50.788919701340916,44.84355128608828,4.1027133431452e-07,0.040386152850141285,9.46449683523548,1.266167885085515,-0.4038205013679814,1
2.221487603305785,0.6724049820163024,1.0,104.33316361668635,122.16040190869737,137.90946751060386,61.57637207298274,60.26662250475148,57.0413147897876,1.7778424486962534e-06,0.05892180146313698,15.749065601906494,1.3092692061587043,-0.5890402303865002,1
2.221487603305785,0.6724049820163024,1.0,105.7886298045389,126.50192372862827,141.5214553544099,55.518256093536586,55.309968746468996,54.22334522320987,2.1881137830107734e-06,0.046941331472707244,15.019531625781639,1.3252483491308429,-0.46919450334877133,1
2.221487603305785,0.2790556137878916,0.9801354825351596,99.39403935578743,117.54583843847796,132.77226897525117,58.56223242641707,59.30939967922609,57.46728089596426,0.0,0.07418522166937817,15.226430536773208,1.322511474059911,-0.7418522166937818,1
1.2495867768595041,0.775723258966829,1.0,81.26398522563295,108.99789357317766,138.32598646092964,45.34887935395553,46.070183329113455,41.85574616985329,0.0,0.013585523252419065,29.32809288775198,1.6814890025268083,-0.13585523252419066,1
1.2495867768595041,0.775723258966829,1.0,131.27473271677817,143.55533500590317,147.79711468035333,47.632639098507426,49.95697733414833,55.38243045047143,0.0,0.1067557435163266,4.241779674450157,1.1173495621178922,-1.0675574351632662,1
1.2495867768595041,0.773600435137024,0.9999826328040077,130.45808094059,143.0885137388015,148.24073061344964,51.788518536522346,50.975845422726366,55.52262526154511,1.0940155979273875e-06,0.0735123781027308,5.152216874648133,1.1276654090245257,-0.7350143794675152,1
1.2495867768595041,0.775723258966829,1.0,139.63785091171454,150.53232391556256,156.51515930407976,48.58882630558354,47.788177726827755,51.81665776565487,4.922984690748358e-06,0.138450739452813,5.982835388517202,1.112894987298492,-1.3840150960590551,1
1.2495867768595041,0.775723258966829,1.0,144.24069414381916,159.1578148913376,165.4568802199484,44.19853929754365,43.37356594442899,47.659245203161724,0.00020608160913771598,0.1268859646663714,6.299065328610794,1.1391909216304827,-1.2482514857499423,1
1.2495867768595041,0.5553731880308866,0.9883639786851173,113.49870961704056,117.59882630376786,114.21091613250337,54.208141673157506,50.21098123804848,62.310335522285605,4.289145404381321e-06,0.026190075277269038,-3.387910171264494,0.9974864914591635,-0.26147183823225223,1
1.2495867768595041,0.4010874032235683,0.9738027472169068,112.0910819205469,112.66851766460584,111.1658122214402,56.481668683329055,48.10336719866258,56.119198986181004,1.8255693740234959e-06,0.02512222186959087,-1.5027054431656381,0.9829759370375526,-0.2510396617585064,1
2.221487603305785,0.6724049820163024,1.0,118.63508611548384,139.25142510057282,151.89004793607066,42.342963636153435,43.768593385369144,46.41757374495165,1.9145995601344266e-06,0.07001362374344147,12.638622835497841,1.269611222492464,-0.6999447774784012,1
2.221487603305785,0.6724049820163024,1.0,98.48122390025799,119.74063155909747,136.05572568214615,47.19431245285344,48.38932528984154,43.86769352372831,2.0513566715726002e-06,0.04805850031604569,16.31509412304868,1.3676523101340061,-0.48037986749329964,1
2.221487603305785,0.6724049820163024,1.0,124.02169981743846,140.55868465499148,145.8988607667585,49.34865027201947,48.872123018997904,49.99054958364677,0.0,0.13215140543915854,5.340176111767022,1.1669882986697964,-1.3215140543915855,1
2.221487603305785,0.6724049820163024,1.0,85.76371315973589,100.89860209235209,120.49488240084831,62.115416522479734,63.19812046043669,62.40740846453419,8.041318152564592e-05,0.06617567216804057,19.59628030849622,1.3887704665084104,-0.6537154035278411,1
2.221487603305785,0.6724049820163024,1.0,101.07785074773712,113.26275621474485,157.07743820783594,57.39383231752633,52.97509470138201,51.55513063180183,0.007293803781443537,0.05251965404827034,43.814681993091085,1.538800406329265,0.20418383766165038,1
2.221487603305785,0.45395992907363986,0.9870312086827325,103.21089013331591,114.80952235897874,130.78072563042736,53.96424498762037,51.97825586283397,52.67951838958865,0.00034912182140970515,0.04093761730801574,15.971203271448616,1.254962177783156,-0.37446399093918686,1
2.221487603305785,0.6724049820163024,1.0,135.75888279439417,145.58258750929207,152.28381064432202,50.7357248929754,49.41236396519848,55.9070266026186,0.0,0.15105752906704026,6.701223135029949,1.1135204348902756,-1.5105752906704026,1
2.221487603305785,0.6477119897614295,0.9994544075039175,126.15328227642915,138.04329774225232,142.37664720860485,57.232372251914384,53.92808704031411,56.42669657448742,0.0,0.12216312686309277,4.33334946635253,1.1197245140639025,-1.2216312686309276,1
2.221487603305785,0.6724049820163024,1.0,137.2488630897722,144.00949101403646,147.25303563229699,55.2886844601795,55.69292262085806,59.53844436064854,0.0003909885816017376,0.1421231869767844,3.243544618260529,1.065130174247277,-1.3821330116076702,1
2.221487603305785,0.5988836208316005,0.9983448286802638,128.42513558513582,143.2144747782563,150.5478984902745,52.145595530168045,53.99832293530517,58.8656983812715,7.780682291865722e-05,0.10260665185323387,7.333423712018202,1.1632044873636167,-1.0182858362404728,1
2.221487603305785,0.6702287032033524,0.999976888048167,120.6613653879791,134.49809235411155,141.3863402442224,51.73466271086908,53.504744508165835,58.65816968168724,6.0584800600104076e-05,0.08579792438934829,6.888247890110847,1.1621301453698154,-0.8519207638334725,1
2.221487603305785,0.645343083917388,0.9993807273712121,130.5488930185486,144.50934401068685,152.54332181974198,50.75405879952209,47.271926636692726,55.33395211371565,2.883719371810572e-06,0.08711510242284609,8.03397780905513,1.159594112268456,-0.8708626522912799,1
2.221487603305785,0.6724049820163024,1.0,107.18070190541782,120.55042169530806,145.88643428330928,61.674713049045884,58.10625107543275,56.30631395347116,0.0010579530140857089,0.07522338590367869,25.336012588001225,1.3485439797835432,-0.6464385576282161,1
2.221487603305785,0.6724049820163024,1.0,97.41741085093358,114.51498466810966,146.29394895928988,58.63200497313975,59.14206823673591,59.10408656539092,0.0018882054376268592,0.09440384429710537,31.778964291180216,1.4864641092913098,-0.7552178992083678,1
2.221487603305785,0.6724049820163024,1.0,97.86607375158512,116.34334798198435,140.35776474157157,47.95758593412657,48.15649832467934,47.34381625311979,1.9419509824220616e-05,0.049172386988709606,24.01441675958722,1.4196757230821175,-0.489781918904674,1
2.221487603305785,0.6724049820163024,1.0,102.15568250142114,119.89023405046133,135.18549592242775,55.58082780299773,55.7418049573577,50.76360393418034,1.3675711143817334e-07,0.056861418822209464,15.295261871966417,1.3104997479956118,-0.5686005125109508,1
2.221487603305785,0.6724049820163024,1.0,101.22878746884429,120.08045511937557,134.70480604202194,55.01606279914718,57.637667938192365,55.54840227954507,2.735142228763467e-06,0.053956013989705474,14.624350922646371,1.3176797786345182,-0.5392866256741784,1
2.221487603305785,0.6673645361495385,0.9999308009016122,90.33585460796887,114.02980965740792,131.39788947051593,52.69322541097669,54.754905749127474,52.022873260899374,0.0,0.0234394660195237,17.36807981310801,1.4386233099203052,-0.23439466019523703,1
2.221487603305785,0.5969121745777229,0.9987487408088964,98.20834938032722,120.65337207140365,139.77299196184129,56.938178148145006,57.37262688967674,56.63197094795686,0.0,0.05399732126884195,19.119619890437633,1.4088833534161989,-0.5399732126884195,1
2.221487603305785,0.5923599724106194,0.9855726033931628,92.05549724123426,111.53513289588119,146.17976640781762,49.13921765179862,48.26905204839439,57.37864721535655,0.00023630665054749116,0.022316339397681684,34.64463351193643,1.57088802640929,-0.19953272892206772,1
2.221487603305785,0.5701539230345934,0.9913022477125322,110.52063520943689,121.08462645401126,111.84007550727573,58.90362141990752,50.973456275875364,57.54381992588555,1.5175273023855253e-05,0.033331935368788104,-9.24455094673553,1.0028644052935936,-0.3318018263854955,1
2.221487603305785,0.6724049820163024,1.0,137.571390993266,149.49831390200708,155.15203250032795,48.60277684608724,46.45242061345871,55.901381275503844,2.899250762489275e-05,0.08339927305389844,5.653718598320864,1.1196541464166128,-0.8310934797764951,1
2.221487603305785,0.6724049820163024,1.0,133.87466944881717,150.5722189426735,160.91061371288643,45.89936918216827,47.92596333663937,53.13122592178506,1.2991925586626468e-05,0.06842929260743023,10.338394770212943,1.1930380580020588,-0.6829937335156397,1
2.221487603305785,0.6724049820163024,1.0,138.12354114740478,144.6776102474966,147.02950323035552,52.767960997401396,47.949211119306874,60.28606109068493,0.00011049974604204406,0.10345784885986964,2.3518929828589137,1.0568269181315202,-1.023528513994492,1
1.2495867768595041,0.6846844217496172,0.9979744652989065,121.6331232267292,146.89852584905458,160.70839630461387,37.6529872732124,39.66428193348335,41.46044575420895,0.0,0.0386722071302066,13.809870455559292,1.3104811495951998,-0.38672207130206604,1
2.221487603305785,0.6724049820163024,1.0,130.06363363067908,158.02686059731514,174.75225810595128,39.946104566287076,40.332684319696895,43.11663101720215,0.0,0.09260398395346757,16.72539750863615,1.3333390297905312,-0.9260398395346757,1
1.2495867768595041,0.775723258966829,1.0,107.49443118960164,127.83295249573659,158.31083439918666,58.130572163522785,59.907011145789134,59.51427762421519,0.0003385919470636926,0.059151302054238436,30.47788190345007,1.4591609234074636,-0.5576538258360152,1
1.2495867768595041,0.775723258966829,1.0,131.74373373890418,147.18659962722464,146.5592954709432,46.09804099763566,45.464259594652006,49.31421040637373,0.0,0.07731834630927256,-0.6273041562814399,1.1040769409064015,-0.7731834630927257,1
1.2495867768595041,0.775723258966829,1.0,125.76344888276707,138.0963266321221,138.30666677598495,48.900801970488516,44.86232299994819,58.56200403176619,1.3948456623787014e-05,0.03866977124667886,0.21034014386285094,1.0910610905190283,-0.38530286680440995,1
1.2495867768595041,0.7528919290172758,0.9994523179531543,51.700793667069995,89.77048050696253,137.76498185024917,32.71371818942556,40.56100619518108,61.84183007428476,6.430752020350731e-05,4.268924745424315e-05,47.99450134328664,2.614096909442398,0.0060038595458083,1
1.2495867768595041,0.775723258966829,1.0,123.15904991473174,136.29377637303773,127.27579173772355,55.442548006509824,52.85459605841158,60.099439213912476,7.657976185608557e-06,0.044117874304440384,-9.017984635314178,1.0251028163080524,-0.44041294542584297,1
1.2495867768595041,0.7632280920550027,0.999892514834252,133.41056512916722,153.99458382121583,152.38871988384844,56.26752748662629,57.43048201811938,56.71816361540472,0.0,0.11784430508772677,-1.6058639373673884,1.133755517934207,-1.1784430508772676,1
1.2495867768595041,0.775723258966829,1.0,133.532842630854,137.9779913583891,138.9123867189208,52.301347030932824,50.56238853838147,58.086321500392906,0.00014194605858324432,0.10573682243491643,0.9343953605317097,1.0325537170137993,-1.0431736184908398,1
1.2495867768595041,0.775723258966829,1.0,137.01889962941098,149.381459891119,156.3868208601163,45.58976253268894,43.729802328648994,52.308236985871225,0.0,0.09266547758353108,7.005360968997309,1.1330826523035924,-0.9266547758353108,1
1.2495867768595041,0.775723258966829,1.0,134.9257540229131,115.65801822335914,95.89154313699768,60.174752261073365,49.45655220560558,73.82060883157682,4.102487242290298e-06,0.04103936787782574,-19.766475086361453,0.7054700106414945,-0.40998343005402843,1
2.221487603305785,0.6724049820163024,1.0,86.69099053303599,105.85870624535397,134.58472878131968,57.01993323846912,56.85966591099959,56.464831321910346,0.0008459794913565403,0.04129463034142507,28.72602253596571,1.534761187702827,-0.32834835427859665,1
2.221487603305785,0.6724049820163024,1.0,89.37226868249596,109.60897831125104,133.15210041431632,54.36798142801403,54.68218467676454,50.619776464240296,0.000495471014740502,0.03877323947783947,23.543122103065286,1.4733734402764453,-0.3381852933043445,1
1.2495867768595041,0.5667169015693986,0.968652553107723,112.17466102140781,127.03633812142196,151.6209365342818,44.72276692065228,42.585493849406085,60.594818048868525,0.0003057851630525971,0.00919106059804999,24.584598412859847,1.339707450112014,-0.0613320896752402,1
2.221487603305785,0.6724049820163024,1.0,89.31710298329617,115.84265818356728,149.268925729153,54.73013015932311,55.37593241956975,53.35851709765902,2.4342765835994855e-05,0.012038591762790962,33.42626754558573,1.6527204792735632,-0.11795164104431013,1
2.221487603305785,0.6724049820163024,1.0,88.60731858629586,114.30720653504744,147.73354035484718,54.587385735915674,53.76545430458899,49.574119491650386,2.4342765835994855e-05,0.01595709327682894,33.42633381979974,1.6486771692936348,-0.15713665618468992,1
2.221487603305785,0.6454528224956149,0.9963755262755541,90.06631267286033,115.08307457856264,146.98842320115892,55.31623002637185,55.18376021069629,50.12839688383906,3.705873851230576e-05,0.020562521454607643,31.90534862259628,1.6140811995890172,-0.20191934069484585,1
2.221487603305785,0.6643136674792948,0.9995805659392191,90.30136674689415,113.703963508577,156.0711196967779,56.1680670883787,54.42613997695962,51.25550596784112,0.00010384220253826462,0.04165604644140707,42.36715618820091,1.7094061705498738,-0.4061762441602443,1
2.221487603305785,0.6724049820163024,1.0,95.13952389151252,115.60172941536578,153.95862466657923,52.25435775083449,51.902158116264914,61.41098195315293,0.0006430319379822911,0.03139040681684968,38.356895251213444,1.6014082287354778,-0.2496008743702677,1
2.221487603305785,0.6724049820163024,1.0,108.69533757488303,123.49070316257816,130.2478960328392,47.252944072157625,49.310562161870514,54.19276831417911,1.3675711143817334e-07,0.05120391387912367,6.757192870261051,1.1873603647367972,-0.5120254630800929,1
2.221487603305785,0.6724049820163024,1.0,113.7050975119157,127.62851799925663,131.93762557938695,50.82119069398704,52.14949928122567,60.04705817399857,4.51298467745972e-06,0.0743564825742721,4.309107580130316,1.1502333238998477,-0.743113527274975,1
2.221487603305785,0.6724049820163024,1.0,118.13671044864226,129.54592502405004,134.10013924417333,51.97098728951296,50.62570026706317,52.88183008260486,0.0,0.10379290378289316,4.554214220123299,1.1255988077829422,-1.0379290378289316,1
2.221487603305785,0.6724049820163024,1.0,120.7218632482837,133.00253645765008,137.97445176876994,45.51317710857035,45.74834986241792,48.76501215415314,1.64108533725808e-06,0.06806852734745633,4.971915311119858,1.1335223441932927,-0.6805211649408375,1
2.221487603305785,0.6724049820163024,1.0,122.16243263260309,142.1339393666098,155.72452842822162,46.41040219121387,45.08763485105601,47.610067176851,1.3675711143817334e-07,0.08433086249701528,13.590589061611809,1.2643833440084133,-0.8432949492590089,1
2.221487603305785,0.6724049820163024,1.0,130.48909659364205,140.635503711356,148.47870192728146,47.229247290756945,45.957049804471445,47.965902665968926,0.0,0.0790854067306927,7.843198215925469,1.1292092331134087,-0.790854067306927,1
2.221487603305785,0.6724049820163024,1.0,113.06962919235646,125.1518047083388,132.65005438584984,50.28482812608995,50.80606794469554,53.677540158949384,1.43594967010082e-05,0.05104609617252402,7.4982496775110405,1.1628866975815366,-0.5090250120551394,1
2.221487603305785,0.6626743208660374,0.9998492936631951,114.83305491841826,130.9552307996551,138.8968028911235,47.91562657834869,48.57874891801256,50.51239710293182,0.0,0.059698142503787376,7.941572091468402,1.1991119718714935,-0.5969814250378738,1
2.221487603305785,0.6689628491539257,0.9999351771291783,122.61652326849439,136.53736009795534,143.4788439410628,46.32722222554504,46.677866389981745,48.45774857659389,0.0,0.06216533365427749,6.941483843107449,1.16067690748289,-0.6216533365427749,1
2.221487603305785,0.6724049820163024,1.0,118.71735892474528,129.63531172110717,134.93825907888407,50.12761571809247,51.19747384200976,53.3208001399227,9.572997800672133e-07,0.07308532522345428,5.302947357776901,1.1271402935284156,-0.730757522256536,1
2.221487603305785,0.6724049820163024,1.0,112.38794820499366,124.82448032817351,131.37499685709912,46.844844883948305,48.974922098705896,51.96094469353444,4.1027133431452e-07,0.052203881877959595,6.550516528925613,1.1586328083085755,-0.5219977916461644,1
2.221487603305785,0.6724049820163024,1.0,97.90241169815033,112.87318736608509,120.62696636276182,49.20853677390235,51.12090554359538,55.64681284397498,2.735142228763467e-07,0.043259283004345866,7.753778996676729,1.2196564703691424,-0.432565478621171,1
2.221487603305785,0.6003332003261774,0.9967493824834545,97.3030838169401,114.18654687797881,121.61049126456439,52.891167214295955,50.21480582832145,53.56511638036623,0.0,0.0512983828860212,7.423944386585575,1.2370974189479886,-0.512983828860212,1
2.221487603305785,0.6724049820163024,1.0,107.87965668590668,123.42810614259479,132.0006522202545,56.41707634213935,53.129259399515384,55.25958335057463,5.470284457526933e-07,0.09601101387072679,8.572546077659709,1.2123536777953543,-0.9600554358626926,1
2.221487603305785,0.5673953635004486,0.9848895016215291,102.41470269799323,120.95142205408861,130.92936108425832,56.17792275696286,53.000027301180786,55.503287310143364,0.0,0.07321575299311243,9.977939030169708,1.2660613787830288,-0.7321575299311244,1
2.221487603305785,0.5349139574578192,0.9878541906618415,101.71008255167155,120.13064005346688,130.4018747987523,55.59185308042854,52.89437648615477,56.08702507112536,8.306313587426235e-07,0.0748553905414069,10.271234745285412,1.2696112354222822,-0.7484708422781947,1
2.221487603305785,0.6724049820163024,1.0,107.49356716515807,124.32743670470943,132.9156848517644,49.24692678539249,47.20745914537978,51.28819075675525,0.0,0.06284919218941845,8.588248147054983,1.2251019882997205,-0.6284919218941845,1
2.221487603305785,0.5359779859559877,0.9928149865007055,109.91338318807581,125.68724677189212,133.40168170988426,45.97617543009305,43.975787683797556,48.437639924044156,0.0,0.06858221532845282,7.714434937992138,1.2027555005122785,-0.6858221532845282,1
2.221487603305785,0.615037488268319,0.997862076076887,116.96705542752053,130.55453442498586,136.30837116185953,47.44481375611927,47.7932758034769,50.77055816910074,0.0,0.07614600277581302,5.753836736873666,1.1554782872885048,-0.7614600277581302,1
2.221487603305785,0.6724049820163024,1.0,117.5234392080983,130.18053054899647,134.9150769054178,43.96058939124855,44.62258925900357,47.577797294576705,0.0,0.06041491560581896,4.734546356421333,1.1382987011416348,-0.6041491560581895,1
2.221487603305785,0.6724049820163024,1.0,113.99920101993966,125.95375836284927,131.00970896737942,49.25869964735138,50.584163973300306,53.58740891421,5.470284457526933e-07,0.0733956271093075,5.055950604530153,1.1392227755100985,-0.7339015682484996,1
2.221487603305785,0.6724049820163024,1.0,118.3412821395776,130.1092950609996,135.96927787069833,50.91445048024001,52.61767331509843,56.29357366020169,1.0940568915053867e-06,0.09061827069538529,5.859982809698721,1.1393314654661846,-0.9060733012647024,1
2.221487603305785,0.6724049820163024,1.0,104.65567375595785,120.17013000677774,129.3197245725655,53.55412897708131,54.056518948398306,56.69761036024192,0.0,0.07025609410202135,9.149594565787751,1.2239733085349167,-0.7025609410202136,1
2.221487603305785,0.6724049820163024,1.0,104.98537307599808,120.25182479557479,129.7002742522629,53.349922957869445,53.97777823437956,56.44027704380885,2.735142228763467e-07,0.0705575067756311,9.448449456688095,1.2237563589011453,-0.7055477163340234,1
2.221487603305785,0.670690720846161,0.9999826318468473,111.32304180400001,124.58225748705922,129.41377761015363,57.94485542806399,55.95836251492539,57.770371772309495,0.0,0.12488753241712683,4.831520123094407,1.1521569887323422,-1.2488753241712682,1
2.221487603305785,0.6724049820163024,1.0,109.8776602606148,123.42399399842581,127.92068302068301,55.912643723209506,54.319025308478,56.263701722291856,1.3675711143817334e-07,0.11537363273658911,4.4966890222572005,1.1537101587462169,-1.1537226516547474,1
2.221487603305785,0.6724049820163024,1.0,115.81599094297958,128.13333866260004,135.03520062639382,56.31602663040888,52.74194928946659,56.282457343839795,0.0,0.12610045028646513,6.9018619637937775,1.1559650312970202,-1.2610045028646513,1
2.221487603305785,0.6724049820163024,1.0,115.95552918251782,128.79611236827145,135.74261882898247,56.619631514404404,53.3810099393062,56.68533861311217,0.0,0.12381099948387866,6.946506460711021,1.160634471732807,-1.2381099948387866,1
1.2495867768595041,0.775723258966829,1.0,131.1517501858411,141.49790218199308,148.66266370414098,50.70485522627801,50.05679229030573,52.13649928369108,1.3674957474300994e-07,0.10571562625083127,7.164761522147899,1.1249390454162056,-1.0571425875508382,1
1.2495867768595041,0.775723258966829,1.0,133.21982692181555,145.7286797903275,153.56668675390267,45.215595614578625,45.656756373539125,46.45392068133131,9.025471933038656e-06,0.07996089509160649,7.838006963575168,1.1441430843399676,-0.798706403722761,1
1.2495867768595041,0.775723258966829,1.0,132.22403526608073,145.36677871791508,152.75729849905986,45.562821803639885,46.58329229994945,47.10402040321435,4.512735966519328e-06,0.08071233400481932,7.390519781144775,1.1466196635912316,-0.8066720664515412,1
1.2495867768595041,0.775723258966829,1.0,124.70327134986226,138.17530855087674,148.35372051139097,42.07394561469513,41.33820164375387,42.599865371397954,5.196483840234378e-06,0.057479265003855654,10.17841196051424,1.1801898146189616,-0.5742730016545331,1
1.2495867768595041,0.775723258966829,1.0,122.42280912479777,136.0384502492457,146.39289349118894,43.018792180843086,42.39056147101739,43.611559399727945,1.9144940464021393e-06,0.05733731894527241,10.354443241943244,1.1861089091171568,-0.5731817400480839,1
1.2495867768595041,0.775723258966829,1.0,120.536445625082,131.63232514539334,139.91623472276882,53.49502602553642,51.49821680566093,53.28444495189142,5.333233414977387e-06,0.08778652625584997,8.283909577375482,1.1512286212021139,-0.877331939217002,1
1.2495867768595041,0.775723258966829,1.0,99.82154075932485,116.33512779308234,123.4689378908129,52.2018339337438,53.9479677136392,57.91422833114649,0.0,0.0597750168646413,7.13381009773056,1.2246285561688703,-0.5977501686464131,1
1.2495867768595041,0.775723258966829,1.0,107.6711864314137,122.06371944553763,128.13877396803534,53.59233079116408,53.66397534167055,57.58485438768299,0.0,0.08051787610953477,6.075054522497709,1.179142127512414,-0.8051787610953477,1
1.2495867768595041,0.775723258966829,1.0,106.65034899864446,121.25532598714418,126.81992161878526,50.8108094617938,51.67765308495333,55.72539005731108,0.0,0.06101656625373309,5.564595631641083,1.1780725543247628,-0.610165662537331,1
1.2495867768595041,0.775723258966829,1.0,108.68616577025668,123.27894106104334,128.76749871551007,49.87052264679049,50.72925737705072,54.735998600688426,0.0,0.06613359859104179,5.488557654466732,1.1739629862276364,-0.6613359859104179,1
1.2495867768595041,0.775723258966829,1.0,117.51654709978574,132.886860351349,138.15308209257074,49.10638699480499,49.10655844035435,50.14622082258845,0.0,0.08014974625432658,5.266221741221756,1.1656860199972912,-0.8014974625432658,1
1.2495867768595041,0.775723258966829,1.0,117.7641467434081,133.72723692553237,138.73213971424198,41.6001557637274,40.868168002076736,42.40507414749213,0.0,0.06498257742042987,5.0049027887096145,1.1681314901708093,-0.6498257742042988,1
1.2495867768595041,0.775723258966829,1.0,116.3697173302287,130.22993558419694,139.52047709235208,46.46554961690339,46.01565732503538,46.80230450099432,3.828988092804279e-06,0.057701346313238304,9.290541508155144,1.1887263620121067,-0.5766305643231026,1
1.2495867768595041,0.775723258966829,1.0,115.06621449888496,129.21086541825179,138.5563878776947,46.69781316857532,46.132478332361956,46.91287610585705,4.102487242290298e-07,0.05596394296612836,9.345522459442918,1.1937701981227775,-0.5595984047888608,1
1.2495867768595041,0.697525331857237,0.9958011043075159,112.01831415931633,131.52409806192404,142.6709180200998,50.870849982260175,46.37006427469264,48.76551670307846,2.746523862073966e-07,0.0867891927581856,11.146819958175769,1.2623699006780764,-0.8678644623432352,1
1.2495867768595041,0.7675075514508443,0.9999193177509016,102.04275548075181,120.44063642890937,130.31839675693317,45.022148872438926,43.64852376549378,47.31084676529034,9.573242622756665e-07,0.06449903836777854,9.877760328023797,1.2647021728885772,-0.6448946512515579,1
1.2495867768595041,0.775723258966829,1.0,119.4398053861122,132.807620714723,139.0766108050199,52.98891035791532,53.49243380445843,55.92956071080517,1.9144940464021393e-06,0.09009061984069495,6.26899009029691,1.1547395843023895,-0.9007147490023093,1
1.2495867768595041,0.4568585763026683,0.9919628856184165,117.62343990695324,128.9365430978265,134.11556556966698,45.679687767490776,47.1997550544918,48.93990783685979,2.757151033080367e-07,0.05872745486216347,5.179022471840483,1.1305991941800506,-0.5872469771113039,1
1.2495867768595041,0.7162766851539253,0.9988656622775067,116.39329745003896,127.54465899698414,132.60181841462526,47.0493053849092,48.79709830270076,50.54371001018891,1.2321438399242533e-06,0.060689792454953505,5.057159417641117,1.1295518679084626,-0.6067747101655426,1
1.2495867768595041,0.7522143289302402,0.9996380238756553,117.50380116987043,127.71418920701507,132.51193402620814,48.19584870067914,49.74781022371214,51.98730257546002,1.367990927484169e-07,0.08551694325163235,4.7977448191930705,1.1182082998017728,-0.8551557526070487,1
1.2495867768595041,0.7579345645009018,0.9997226718624211,119.14826360617,128.99364539439054,133.75741838799328,48.371193839808356,49.791696557335335,51.90238977006346,2.1886001562934086e-06,0.08694077333365798,4.763772993602743,1.1132696750943674,-0.8691888733209504,1
1.2495867768595041,0.775723258966829,1.0,128.30367323123005,139.75473990445582,147.49002552582098,47.711967816380366,47.77030704894187,49.021064576617555,9.572470232010697e-07,0.07674044260640861,7.735285621365165,1.1406483809788512,-0.767308701361766,1
1.2495867768595041,0.775723258966829,1.0,127.22660506580961,138.81542098473918,146.57918948685995,48.29573547956368,48.285164749118834,49.48324046123149,8.068224909837587e-06,0.07429207822020975,7.763768502120769,1.1431261820558318,-0.7421139597111138,1
2.221487603305785,0.6724049820163024,1.0,120.7129722550177,132.99843961804189,137.97594328020463,45.53506465383139,45.73905580632682,48.75082768080698,6.837855571908667e-07,0.06844830184592014,4.977503662162746,1.13361740103686,-0.6844146399034824,1
2.221487603305785,0.6724049820163024,1.0,122.15855606935152,142.12998245441426,155.72538889982073,46.424178008457986,45.0830163403397,47.5912690681021,1.3675711143817334e-07,0.0842779374948887,13.595406445406468,1.2644301286881812,-0.8427656992377431,1
2.221487603305785,0.6724049820163024,1.0,130.4801255247278,140.63205403603132,148.45914119550483,47.24268142300485,45.941720511124906,47.932265720678956,0.0,0.07954915009557954,7.827087159473507,1.1291375073077774,-0.7954915009557955,1
2.221487603305785,0.6724049820163024,1.0,113.05403712449167,125.14514954742228,132.64232435283571,50.28655358487749,50.79677918396994,53.663459178865715,8.752455132043094e-06,0.05127434379151433,7.497174805413437,1.1629778979945677,-0.511868192401939,1
2.221487603305785,0.6626743208660374,0.9998492936631951,114.83619786587894,130.95096663025382,138.8986064949692,47.91680507819725,48.56864651047798,50.50158785917791,0.0,0.059868704326498275,7.94763986471537,1.1990950070356512,-0.5986870432649828,1
2.221487603305785,0.6688956601137953,0.9999346984792883,122.61662259721984,136.53341039849448,143.48244763288378,46.33654738989382,46.668237826518165,48.448469989790716,0.0,0.062412499650391806,6.949037234389294,1.1607051270151003,-0.6241249965039181,1
2.221487603305785,0.6724049820163024,1.0,118.71538859919542,129.62937560125062,134.93438388211115,50.14470637902243,51.19176634475117,53.30702866551944,5.470284457526933e-07,0.07331070094310439,5.305008280860534,1.1271264743905949,-0.7330523065864686,1
2.221487603305785,0.6724049820163024,1.0,112.38261852835717,124.82019764747038,131.37628244020289,46.86797760660633,48.96137674594477,51.94039467947194,4.1027133431452e-07,0.05246782310303527,6.556084792732506,1.1586986095875487,-0.5246372038969213,1
2.221487603305785,0.6724049820163024,1.0,97.9040835847654,112.87028605863833,120.6307773350387,49.21721294338839,51.113414925877244,55.63368632029746,1.3675711143817334e-07,0.043383731975754604,7.760491276400373,1.2196743851496537,-0.4338236440464022,1
2.221487603305785,0.5977280659089768,0.9968238382365806,97.28123129962087,114.1771205078889,121.60336751823344,52.85694214131692,50.221074453953634,53.573384281868215,0.0,0.05151670444073211,7.4262470103445395,1.2373000003175838,-0.5151670444073211,1
2.221487603305785,0.6724049820163024,1.0,107.86580865472911,123.42697442498579,131.99834997704315,56.38082288957323,53.122959288704614,55.252846949706075,1.3675711143817334e-07,0.0960519042470468,8.571375552057361,1.2124867449952035,-0.9605053667593241,1
2.221487603305785,0.5675385721709157,0.9849174684508182,102.40032127174669,120.94759516485884,130.93101647173205,56.159407641811804,53.00721099880355,55.51512366210654,0.0,0.07335974563545108,9.983421306873211,1.2662534783391228,-0.7335974563545109,1
2.221487603305785,0.5493464738872135,0.9880894812720709,101.68647270226107,120.10754925684499,130.38695128681567,55.580695917743036,52.90694413434936,56.107991904487534,4.1521678156753056e-07,0.07493957038765262,10.279402029970683,1.269757815762861,-0.7493541821983695,1
2.221487603305785,0.6724049820163024,1.0,107.48331556911103,124.32590515545061,132.9099844494731,49.21642210153322,47.20185985221832,51.28167920333561,0.0,0.06286710737101685,8.584079294022473,1.2251652132147515,-0.6286710737101685,1
2.221487603305785,0.5383990210557735,0.9928446627938876,109.90061403356664,125.68323420554229,133.38577115035852,45.93492314400237,43.96606748701875,48.423029019436754,0.0,0.06861556527024258,7.702536944816231,1.2027505195777024,-0.6861556527024258,1
2.221487603305785,0.6150379097231089,0.9978627598624442,116.9558007009741,130.54983002850318,136.31084168241998,47.47323500935772,47.79418739631721,50.76602364779806,0.0,0.07654504025570244,5.761011653916796,1.1556094814529483,-0.7654504025570243,1
2.221487603305785,0.6724049820163024,1.0,117.51308280313962,130.17716327233373,134.92397486772487,43.98047287274026,44.62056233356532,47.57512434668157,0.0,0.06068993415692113,4.7468115953911365,1.138473252711223,-0.6068993415692113,1
2.221487603305785,0.6724049820163024,1.0,113.99118675936857,125.95009319384319,131.00519097905462,49.284261669183536,50.570270647928034,53.56731168237505,2.735142228763467e-07,0.07391981711745002,5.05509778521143,1.1392628832781513,-0.7391708197522125,1
2.221487603305785,0.6724049820163024,1.0,118.33189005859461,130.1060776870436,135.9632790294722,50.93809130784806,52.60149029490021,56.27475651167074,2.735142228763467e-07,0.09104235449795507,5.857201342428596,1.1393708669385125,-0.9103961935572631,1
2.221487603305785,0.6724049820163024,1.0,104.65540483296165,120.16418418492282,129.3217148487035,53.56698195078648,54.053154158302846,56.69465901888387,0.0,0.0704446821586946,9.157530663780676,1.223995261322955,-0.7044468215869459,1
2.221487603305785,0.6724049820163024,1.0,104.98442555970965,120.24817807403035,129.70243957431458,53.35601415346162,53.96857456967514,56.431131497705756,0.0,0.07072352990891703,9.454261500284233,1.223787730030604,-0.7072352990891704,1
2.221487603305785,0.670690720846161,0.9999826318468473,111.32759703523932,124.58038469737467,129.4151672050681,57.95023556454311,55.95072615636968,57.759279480276774,0.0,0.12498517869062911,4.8347825076934186,1.1521226361182468,-1.249851786906291,1
2.221487603305785,0.6724049820163024,1.0,109.87102505028642,123.42029453080589,127.92479215859898,55.92567472232726,54.31501287912452,56.25805035705761,1.3675711143817334e-07,0.11542026691158953,4.504497627793086,1.153816266247901,-1.1541889934047516,1
2.221487603305785,0.6724049820163024,1.0,115.81246775110411,128.131462897372,135.03634149940967,56.32757670495089,52.750875095111056,56.29012944525337,0.0,0.12617908562554206,6.904878602037684,1.1560096631734185,-1.2617908562554205,1
2.221487603305785,0.6724049820163024,1.0,115.9484607984608,128.79083625759762,135.74881731273777,56.636507375298095,53.3886527381708,56.69227020972513,0.0,0.12392067868725208,6.957981055140152,1.1607576225109617,-1.2392067868725207,1
1.2495867768595041,0.775723258966829,1.0,131.14713080480126,141.49677306069353,148.66277753181163,50.70203532168586,50.05278576468813,52.13227483613714,4.102487242290298e-07,0.1059929543884101,7.1660044711181,1.1249792305472461,-1.059888519011678,1
1.2495867768595041,0.775723258966829,1.0,133.21446964231055,145.72709194214877,153.5580683731252,45.23506894412711,45.644606557454864,46.442434017792394,6.700729162407487e-06,0.08058201166008924,7.8309764309764205,1.144124540240456,-0.8051500436846517,1
1.2495867768595041,0.775723258966829,1.0,132.22201328763828,145.3650088547816,152.74930555555557,45.58399953183202,46.57118983083761,47.092628440827596,3.145240219089229e-06,0.081232392637567,7.384296700773973,1.1465770692547343,-0.8120094023537611,1
1.2495867768595041,0.775723258966829,1.0,124.69737062180243,138.17225706742752,148.35330359875815,42.08675358337854,41.33012626877289,42.60030654119123,6.563979587664477e-06,0.05779584026938572,10.181046531330622,1.180241900565468,-0.5773020047350907,1
1.2495867768595041,0.775723258966829,1.0,122.41741891315755,136.03845243561153,146.39511224255543,43.03920660214004,42.38892107850685,43.618743668975256,1.3674957474300994e-07,0.057696560078122294,10.356659806943895,1.1861786896188948,-0.5769519258237487,1
1.2495867768595041,0.775723258966829,1.0,120.5319749169181,131.63021735209236,139.9175592505138,53.4874741078538,51.494362238430575,53.281879412183955,3.6922385180612686e-06,0.0879856336366758,8.287341898421431,1.1512818692049107,-0.8794871125149518,1
1.2495867768595041,0.775723258966829,1.0,99.8187303227076,116.33459104027285,123.46769548843413,52.20581506131727,53.94813683707236,57.91224398025329,0.0,0.05980359752576259,7.133104448161276,1.2246503709502208,-0.598035975257626,1
1.2495867768595041,0.775723258966829,1.0,107.66826244042153,122.06367968100923,128.13719049258822,53.59622331497526,53.664135252935075,57.582057498431894,0.0,0.080498594419496,6.073510811578984,1.1791592836302203,-0.8049859441949601,1
1.2495867768595041,0.775723258966829,1.0,106.63422865013774,121.25263088132407,126.8189905002405,50.827604547178105,51.685662351417214,55.7308431994768,0.0,0.061057591126156,5.566359618916437,1.1782403431575872,-0.61057591126156,1
1.2495867768595041,0.775723258966829,1.0,108.66993350714942,123.27638000677773,128.7657151875902,49.887042147677896,50.73692573687334,54.74227897369443,0.0,0.06624012650976659,5.489335180812461,1.1741204819750886,-0.6624012650976658,1
1.2495867768595041,0.775723258966829,1.0,117.51593587389041,132.8855191525646,138.15233681512092,49.131767671862576,49.106012707602225,50.147471263048985,0.0,0.08037798129457267,5.266817662556321,1.1656857434102792,-0.8037798129457268,1
1.2495867768595041,0.775723258966829,1.0,117.76207270212952,133.72806938431938,138.73622958480914,41.605685483300036,40.87662444142129,42.41343548711203,0.0,0.06498818415299433,5.008160200489755,1.1681863277409898,-0.6498818415299433,1
1.2495867768595041,0.775723258966829,1.0,116.36547250098387,130.22900829179238,139.51871570138616,46.48251588354461,46.011880724910505,46.79940926495416,3.4187393685752485e-06,0.05794024782031434,9.289707409593774,1.1887543476657207,-0.5790606042662859,1
1.2495867768595041,0.775723258966829,1.0,115.06416614740479,129.20966496676724,138.554763817832,46.709959155618996,46.12904061165055,46.91111471505522,2.7349914948601987e-07,0.05618766527040792,9.345098851064762,1.193777273528709,-0.5618493027891307,1
1.2495867768595041,0.6955666864990447,0.9957811388696034,111.98595142752619,131.52136891351796,142.65548688700187,50.77109557518166,46.355437381627176,48.7526212402478,0.0,0.08694336801438549,11.13411797348391,1.262594907460747,-0.8694336801438549,1
1.2495867768595041,0.7675075514508443,0.9999193177509016,102.0310441327237,120.4397726114237,130.30566539091535,44.97409239994037,43.636733441836874,47.29761000197913,9.573242622756665e-07,0.06457808599972073,9.865892779491645,1.2647223609910885,-0.6456851275709797,1
1.2495867768595041,0.775723258966829,1.0,119.42962962962963,132.80545798898072,139.0670528335301,53.003208694991194,53.47861062677368,55.915362946386736,6.837478737150497e-07,0.09053628670478242,6.261594844549393,1.1547577889363123,-0.9052944922604527,1
1.2495867768595041,0.4554036222157805,0.9919684239761936,117.61510233487037,128.93435994379223,134.11124242296117,45.708397022004995,47.18820925323955,48.934075541452636,0.0,0.059352031767716834,5.176882479168938,1.1306422182593798,-0.5935203176771684,1
1.2495867768595041,0.7157672330666183,0.9988607392928159,116.38561948355394,127.54305399755948,132.59696332127672,47.08153746539291,48.782603349429586,50.53303343763524,2.738110917039894e-07,0.06140117897579866,5.053909323717235,1.1295843895073872,-0.6139844086488161,1
1.2495867768595041,0.7522158724800354,0.9996400751192764,117.49720580584363,127.70941706720747,132.50174901982442,48.216051762786584,49.7302685052497,51.965117753106966,1.3679881203911626e-07,0.08605808067162744,4.792331952616948,1.1181845860308899,-0.8605671268350705,1
1.2495867768595041,0.7580966275845685,0.9997236291094443,119.1406474226697,128.98965229779677,133.7417798266485,48.38510954518551,49.77155306575317,51.878322051133615,1.231086409134333e-06,0.08744994949809975,4.75212752885173,1.1132100808157652,-0.8743763863400841,1
1.2495867768595041,0.775723258966829,1.0,128.3012199921291,139.75331726354455,147.4856896890988,47.72759158257778,47.76816912016286,49.01837218991141,2.7349914948601987e-07,0.07703773618189991,7.732372425554246,1.1406364897259023,-0.7703500119040505,1
1.2495867768595041,0.775723258966829,1.0,127.22458500043727,138.81350982771437,146.57363475119158,48.310343929888965,48.28391863693784,49.479886804297735,5.4699829897203975e-06,0.07455641514818799,7.760124923477207,1.1431008706379648,-0.7450171531829078,1
2.221487603305785,0.6693246994005431,0.9999346301007326,104.48244564416761,124.050076841987,157.52471980621004,48.71849473458547,45.31359630383901,57.34850333921377,0.0003423254277084739,0.010344573861600415,33.47464296422304,1.4933737916695713,-0.06921319584515676,0
2.221487603305785,0.6724049820163024,1.0,103.26351433709388,128.89838823844505,151.83141520726747,45.25327748391231,45.27064224667979,40.007726432515135,2.4479522947433028e-05,0.03179917382293838,22.933026968822418,1.4562276763123678,-0.31554378593464044,0
2.221487603305785,0.6724049820163024,1.0,122.10264208644891,139.67945485701168,152.78126544120863,47.168833564443105,45.95904689756283,42.141526128173446,0.0,0.06510445371414536,13.101810584196954,1.241088435241852,-0.6510445371414536,0
2.221487603305785,0.6724049820163024,1.0,100.760273733001,122.63800955988457,162.27016252896934,44.659308732018246,45.510469762562906,48.75041335388763,2.6941150953320148e-05,0.023510051784447816,39.63215296908477,1.5946317416041393,-0.23240640274914615,0
2.221487603305785,0.6724049820163024,1.0,98.96022249005203,120.26942968647514,157.2202945308059,47.108687318182426,49.166978771705885,49.457553938291966,3.28217067451616e-06,0.03753175842020373,36.95086484433075,1.5728285773518795,-0.3749893671345857,0
2.221487603305785,0.6706841167672135,0.9999727853348238,111.76133441779922,132.68252233431284,159.96695740628988,44.20713960190758,43.725122427088,39.71918620865186,1.0804105833738488e-05,0.04243127939075784,27.284435071977043,1.418633064535988,-0.42323238332420454,0
2.221487603305785,0.6724049820163024,1.0,115.20108348091303,135.6220704064454,165.5361440432463,42.7033279472459,40.9381923272782,34.78686047750656,3.870226253700305e-05,0.01998199182356582,29.914073636800907,1.4245662698182755,-0.19594969198195789,0
2.221487603305785,0.6688476905077182,0.9999629388228003,129.6053146399804,136.73440697671876,140.63581045403663,49.09414033749961,46.59484839557772,58.15727722012508,1.3676218000556075e-07,0.09063653631726529,3.9014034773178707,1.0768000585711672,-0.9063516869546524,0
2.221487603305785,0.6724049820163024,1.0,132.86556610477066,145.1195903843631,144.7233558529013,46.30707359694709,43.420106314083604,45.27411984795693,4.1027133431452e-07,0.08893588471047288,-0.39623453146180054,1.0811096539914733,-0.8893178199712973,0
2.221487603305785,0.6724049820163024,1.0,124.74360474332066,133.91681137675457,134.1135075047007,43.9176802862631,43.765532857746095,45.54425953110558,8.2054266862904e-07,0.08932277057873148,0.1966961279461259,1.0665632481148082,-0.8931456515204519,0
2.221487603305785,0.6724049820163024,1.0,161.10714668328305,171.08474873190784,178.2825247879225,40.21087975328613,30.511594197642907,34.1713154347056,1.1761111583682908e-05,0.10242642672540293,7.197776056014675,1.0997820172372914,-1.023088156095661,0
2.221487603305785,0.6724049820163024,1.0,121.44923654838428,128.27999037999038,130.01848667956622,39.90075754097419,39.62675328689126,47.61253720748813,0.0,0.061366745101428644,1.7384962995758428,1.0618154130196724,-0.6136674510142864,0
2.221487603305785,0.6724049820163024,1.0,130.70537914316324,132.85450637325638,130.26152515413878,51.93123299861114,43.95527815926034,55.09125472643888,2.0650323827164174e-05,0.07718366233903345,-2.592981219117604,0.9890372435931034,-0.7697715910076182,0
2.221487603305785,0.6456098114638458,0.9989302858743306,127.0625685413605,138.14136773160635,138.0341121040845,46.879370737313494,44.01709890556753,46.418127575919286,0.0,0.09352210691291783,-0.10725562752185169,1.0778646225536501,-0.9352210691291784,0
2.221487603305785,0.6724049820163024,1.0,125.94404939546985,141.39303669815033,139.59328430407976,46.221543352593166,45.42596319486998,48.78417904676592,1.3675711143817334e-07,0.07581362959664584,-1.7997523940705662,1.0996441737036735,-0.7581226202553145,0
2.221487603305785,0.5335706649824218,0.9960783530723989,126.33365829636517,132.28625704040843,128.80716893962463,40.520327910740775,38.49299944958572,48.212383111744685,2.05943304082977e-06,0.03544064590410346,-3.479088100783798,1.0115720435819877,-0.3542005157369516,0
2.221487603305785,0.6724049820163024,1.0,159.58732823363505,167.34987223424724,176.23085126153308,39.58688948639659,33.0846287557326,40.98512666282191,2.3522223167365815e-05,0.11251116963707672,8.880979027285832,1.0974144298928656,-1.1227594740540308,0
2.221487603305785,0.6724049820163024,1.0,156.072362012987,168.9033466428353,178.30959554965236,39.74713919164656,31.853199762669945,35.805534104986315,1.84622100441534e-05,0.1100742946683599,9.40624890681707,1.1352066860426369,-1.0988967256791835,0
2.221487603305785,0.6724049820163024,1.0,152.45958202151385,161.98097725086362,165.69399746928156,39.90133740114478,34.522614008258024,35.615095527076576,5.470284457526933e-07,0.15796294265199937,3.713020218417938,1.079724024310535,-1.5795747236754185,0
2.221487603305785,0.6724049820163024,1.0,128.08823051948053,134.6940101775329,130.60612974987976,45.9215034092662,41.288795695681564,47.311959144825614,2.133410938435504e-05,0.07506283305485027,-4.087880427653147,1.011758618305409,-0.7484949196100672,0
2.221487603305785,0.6724049820163024,1.0,133.69971700227381,137.4331785113035,135.35419549936594,49.773680477231935,41.8978653350712,52.49234357640801,9.709754912110308e-06,0.08346929269495479,-2.0789830119375665,1.0048587963780287,-0.8337219514583368,0
2.221487603305785,0.6724049820163024,1.0,129.65193616358388,138.58356768441996,140.69594347151164,39.08475155701336,37.19393093385015,41.29757287332579,0.0,0.048423094775139855,2.112375787091679,1.0768760693706987,-0.4842309477513985,0
1.2495867768595041,0.775723258966829,1.0,123.8826301434256,132.17202025667936,136.89508873912283,58.23153086037212,57.586240578757995,58.76107190354635,0.0,0.1437207945642591,4.723068482443466,1.0961899872055956,-1.437207945642591,0
1.2495867768595041,0.775723258966829,1.0,101.71647740937513,111.039507357121,114.84403655057064,53.05172476612472,55.74972042114782,59.25678529483522,0.0,0.07429768495277422,3.804529193449639,1.1180682929074883,-0.7429768495277422,0
1.2495867768595041,0.775723258966829,1.0,124.68943671017534,133.07643329944466,136.2679421378285,55.68442395974981,55.467216285466066,57.50030633178631,7.069953014213615e-05,0.09820848484616425,3.1915088383838395,1.0841638383028631,-0.9750148954474288,0
1.2495867768595041,0.47011427310327986,0.9869438343514111,103.0018424565386,115.44088628388698,123.28403675444707,47.249760342550246,49.68639731870359,55.13019974426295,8.950886789017623e-05,0.04530340319366532,7.84315047056009,1.1854024298268209,-0.4440831451476356,0
2.221487603305785,0.6724049820163024,1.0,60.80318362193362,74.6833251344615,93.75420725108225,45.44177325953673,47.77580541630852,47.29737219267947,1.64108533725808e-06,0.015298881299477013,19.07088211662075,1.5169802226468052,-0.15282470446104432,0
2.221487603305785,0.0683198793961549,0.9363275983782795,87.9536001256421,104.88389294138746,117.33783580016203,57.36703099867462,60.88617970119993,60.31476407382225,0.0,0.037123283639662136,12.453942858774568,1.3190903531102591,-0.37123283639662136,0
1.2495867768595041,0.775723258966829,1.0,154.24094858214175,153.9067245780314,146.74815224758407,36.25344247503971,33.13900337083018,47.003774175921336,0.0,0.0883074053860461,-7.158572330447328,0.9452928082949459,-0.883074053860461,0
1.2495867768595041,0.775723258966829,1.0,133.40851288862652,129.595377749355,125.4076002175434,55.25175606219586,44.55655451248919,72.57116085891583,0.0,0.045113000959845266,-4.187777531811605,0.9330331652538895,-0.4511300095984527,0
1.2495867768595041,0.775723258966829,1.0,161.6126583748743,172.59246373365693,180.8329828315624,35.35599408241847,36.53067233703993,38.3266060305022,0.0,0.17274329356154286,8.240519097905462,1.1120473931044434,-1.7274329356154285,0
1.2495867768595041,0.775723258966829,1.0,163.564360733963,176.8050293246316,174.14939560649788,33.465345640429646,36.283296974029746,36.03706315525092,0.0,0.1919850527244823,-2.655633718133714,1.058244900838707,-1.919850527244823,0
1.2495867768595041,0.775723258966829,1.0,159.63348200620928,174.1329877508855,179.13087558485284,32.04174770313657,33.23714482648945,35.79751126821338,0.0,0.1497986294137122,4.997887833967354,1.115152789739866,-1.4979862941371218,0
1.2495867768595041,0.775723258966829,1.0,154.5955418634396,162.75140897612488,167.01834524902708,37.137374979727596,39.01358993563518,41.34485835039733,1.2307461726870895e-06,0.16548558338120709,4.2669362729022,1.073413436199945,-1.6547327591948022,0
2.221487603305785,0.6724049820163024,1.0,80.41036706349206,97.28189251825616,139.32196040491496,50.540500592574205,48.597691518057836,60.90807762598009,0.0002802153213368172,0.014199354123514099,42.040067886658804,1.7113540379477417,-0.11397200910145927,0
2.221487603305785,0.6724049820163024,1.0,86.62586826052735,106.92866489571036,146.02763129126765,51.63956710037591,49.28167822780036,56.998740561453886,8.00029101913314e-05,0.015196313465898384,39.0989663955573,1.666489978245938,-0.1439628436398507,0
2.221487603305785,0.6724049820163024,1.0,85.81104497354498,106.10913204009795,141.3429985733963,50.235864069368986,51.677469175089044,56.043244644126204,0.00019911835425398037,0.023355379491411244,35.233866533298354,1.6281683812983652,-0.2136419594887144,0
2.221487603305785,0.6724049820163024,1.0,111.32788285998514,131.7097518748087,145.14881020704885,51.45336992832105,49.6881982909281,43.79768060744239,0.0,0.05546540222864859,13.439058332240165,1.2921886045691298,-0.5546540222864859,0
2.221487603305785,0.6724049820163024,1.0,102.46400818247409,129.39807613472385,146.3459636953955,55.78115567695868,53.771723307232534,48.656138314818826,0.0,0.04179105865594564,16.94788756067166,1.4144625388694854,-0.41791058655945634,0
2.221487603305785,0.6724049820163024,1.0,100.91958765140583,125.91545145721282,157.41354234990598,47.048094760630555,47.81181134943544,50.36147390398802,1.6547610484018974e-05,0.021111332049822257,31.498090892693156,1.5444876296821899,-0.20945855944982067,0
2.221487603305785,0.6724049820163024,1.0,109.9891001464865,130.3914798690367,152.8844885543749,46.96372184306411,45.91046299863269,42.975043781152614,6.017312903279627e-06,0.03622176204973747,22.493008685338225,1.3774729982727467,-0.36161588920704674,0
2.221487603305785,0.6525880148798336,0.9996250120004365,124.69774777114641,135.08539113270322,138.48835528240346,41.7097948120125,40.59184815806749,48.29849658842165,0.0,0.061097405948320346,3.4029641497002387,1.101756855139079,-0.6109740594832035,0
2.221487603305785,0.6724049820163024,1.0,125.60691561174515,139.25000628580173,145.46215564738293,37.942261744868055,38.14916386021292,40.67304106061421,2.2428166275860427e-05,0.034965921495400724,6.212149361581197,1.1489274100433784,-0.34741639832642124,0
2.221487603305785,0.6724049820163024,1.0,127.09044845095981,141.23464323975688,144.36591442017578,44.918444393919216,42.29173772483987,46.706906891747444,0.0,0.09156709153454334,3.1312711804189064,1.1270622920447277,-0.9156709153454334,0
2.221487603305785,0.6724049820163024,1.0,116.54575380427653,130.66493055555554,138.84859703638114,35.13507048088123,37.32875437986959,46.76622361398486,0.0,0.0332756035980249,8.183666480825593,1.1812302234887668,-0.332756035980249,0
2.221487603305785,0.6724049820163024,1.0,124.28546613319341,147.46578091521275,157.70693433250253,38.38751189923436,41.40705817172896,41.78589434039375,0.0,0.02345603272542974,10.24115341728978,1.2587807604502284,-0.23456032725429737,0
2.221487603305785,0.5732481101049656,0.9962556586673785,114.70545740521474,123.91537179581955,165.92928635704243,35.77900220610659,37.88848480722894,62.48903648397467,0.003026141428082057,0.0054403282865841725,42.013914561222876,1.434066206366893,0.24821085994236397,0
2.221487603305785,0.6724049820163024,1.0,127.84645508111417,138.3055160643229,139.5148232869824,38.92783195772031,37.957040060571366,40.25577893086529,0.0,0.0471528947241021,1.209307222659504,1.0827990820481015,-0.471528947241021,0
2.221487603305785,0.6724049820163024,1.0,134.96782708032708,147.9989698117539,152.2266493397175,43.398117216174846,41.16093656287308,47.22502589578857,0.0,0.09481411563141989,4.227679527963602,1.1195784518184955,-0.9481411563141989,0
2.221487603305785,0.6724049820163024,1.0,127.6889718341423,142.6491266835017,148.20410640495868,44.43944744084013,42.15393948588084,45.61983890676276,1.3675711143817334e-07,0.08687892099733133,5.554979721456988,1.1516457416099959,-0.8687755342621694,0
2.221487603305785,0.6724049820163024,1.0,121.89293735515326,135.6283086547291,139.49863912392323,39.98840409319541,39.81428853282791,42.783743701760024,6.837855571908667e-06,0.042161943942165964,3.87033046919413,1.1351233205597526,-0.4209356538644688,0
2.221487603305785,0.6724049820163024,1.0,114.48833327867419,127.76671244370108,134.25522678079497,40.86938900399715,41.80920471340034,45.547978928585685,0.0,0.02431486738526147,6.488514337093889,1.1625003406780157,-0.24314867385261468,0
1.2495867768595041,0.775723258966829,1.0,151.13019043246317,170.61851838187064,176.6921607853426,34.000818374127434,31.27079118108736,34.64690190976141,0.0,0.08624877728786483,6.0736424034719505,1.1614536226048011,-0.8624877728786483,0
1.2495867768595041,0.775723258966829,1.0,148.46098758144214,168.83997537605492,175.8107763238445,34.93177753397616,31.908321869648383,34.01738404823489,9.572470232010696e-06,0.0815217547377232,6.97080094778957,1.1762987731366634,-0.814260300354031,0
1.2495867768595041,0.775723258966829,1.0,129.90246403428222,131.8147535965718,128.82569075495212,50.57271348175371,42.4081920316574,52.971956471915696,0.0,0.060271554570533174,-2.9890628416196705,0.9841349565521837,-0.6027155457053317,0
1.2495867768595041,0.7833044602442794,0.9990277546852726,120.97831707156307,128.7873625393428,128.9908403089969,46.46223715233304,45.1879433353678,48.8394031974828,2.074298036801366e-06,0.0561834686190513,0.2034777696540857,1.057489916288316,-0.5616272563868329,0
1.2495867768595041,0.775723258966829,1.0,153.86917073877302,170.98354800712755,176.739807572478,33.805270609364236,29.202219589470506,32.12327583678784,2.5708920051685868e-05,0.09071310390492514,5.756259565350462,1.1412200809843263,-0.9045601470440828,0
1.2495867768595041,0.775723258966829,1.0,132.31635838908565,144.03330969325287,147.45732664851982,38.95217684331211,40.9380693976414,49.03030326993206,9.572470232010697e-07,0.06673406597373834,3.42401695526695,1.1060707660358045,-0.6672449350350632,0
1.2495867768595041,0.775723258966829,1.0,135.77107533670033,147.61844896475577,149.40073051948053,45.016745621673984,37.51917820808604,56.24765669237185,0.0002859433607876338,0.042620603210579165,1.7822815547247615,1.092341565288485,-0.3976116960270283,0
1.2495867768595041,0.775723258966829,1.0,133.7347647197079,136.24768163234071,130.08770251213434,52.867745612048644,44.95767042023564,59.868731004676135,2.9401158569747138e-05,0.041645715492236245,-6.159979120206373,0.9655095534011511,-0.4135170390653877,0
2.221487603305785,0.6724049820163024,1.0,115.7991096025187,140.85541467160786,178.07112903931085,40.07174838268883,38.14796284001867,41.48088638806467,0.0003133105423048551,0.02424060827375054,37.21571436770299,1.5245932066203942,-0.2110750285070199,0
2.221487603305785,0.6724049820163024,1.0,128.19426270278544,143.23216253443528,149.60118378044515,44.207925649418186,43.44455454855244,53.519599677829376,0.0,0.07339357575263593,6.369021246009879,1.157955319769937,-0.7339357575263593,0
2.221487603305785,0.6724049820163024,1.0,128.52409675761947,142.7212432769251,150.79785203222704,41.70130712204711,40.24433117976221,50.84139442775065,0.0,0.06603207720103049,8.076608755301947,1.1642455404604557,-0.6603207720103049,0
2.221487603305785,0.6724049820163024,1.0,117.70336017097381,130.40327982202982,135.98412835060563,36.25043943080284,37.25898471283419,42.933069303597065,0.0,0.03578072036534936,5.580848528575814,1.1455794356178421,-0.35780720365349356,0
1.2495867768595041,0.775723258966829,1.0,131.88665606279244,150.56661337399973,154.18854918229917,42.038168306725524,43.93029274119337,46.18042024182958,7.781050802877266e-05,0.05836280400627024,3.6219358082994404,1.1603012202326848,-0.5758469892598251,0
1.2495867768595041,0.775723258966829,1.0,131.34966206983253,144.29164056692466,148.82565727622546,47.514059546207534,42.19435152912233,56.77401677456884,5.9896313737438356e-05,0.05027256241489903,4.534016709300801,1.1244883813734226,-0.49673599277524655,0
1.2495867768595041,0.775723258966829,1.0,148.45047362149634,166.2275520355066,169.32752634570815,36.50580822459728,35.08917548824627,37.092052911851745,1.9144940464021393e-06,0.11401345369666237,3.09997431020156,1.1330009349756438,-1.1399430875619834,0
1.2495867768595041,0.775723258966829,1.0,152.61256832393195,168.25355653395425,171.18135289584154,35.61819883055408,33.850427800260874,35.64569658736353,0.0,0.1319547244037958,2.927796361887289,1.1143707495005308,-1.3195472440379579,0
1.2495867768595041,0.775723258966829,1.0,151.35736217696444,168.5501545487341,173.41444408915999,34.014740987730946,32.11376561208617,34.243560533760096,0.0,0.08721901552066648,4.864289540425887,1.138208496204716,-0.8721901552066648,0
1.2495867768595041,0.775723258966829,1.0,148.0727188005597,167.51081704490795,174.98725362390135,33.906069284256546,31.938039256524224,33.95305739917644,0.0,0.07832495992895586,7.4764365789934,1.1738382115242159,-0.7832495992895585,0
1.2495867768595041,0.775723258966829,1.0,147.91371179325725,167.14259641873278,174.74192274476366,33.79805261258303,31.931235892159023,33.844638709719014,0.0,0.07733407251036802,7.5993263260308765,1.1734441418488362,-0.7733407251036801,0
1.2495867768595041,0.775723258966829,1.0,133.61520904390224,154.8286367462504,156.6837943832262,41.283370714853504,43.910781965260554,42.85505999915685,0.0,0.057731431219681766,1.8551576369758038,1.1639382763364183,-0.5773143121968176,0
1.2495867768595041,0.775723258966829,1.0,127.46304221872404,148.9009237395601,153.49328129782674,45.26417474719212,48.03450177192353,49.687371490235805,1.3264708750071965e-05,0.050563018511653186,4.592357558266627,1.1948438916500643,-0.5043037142415248,0
1.2495867768595041,0.775723258966829,1.0,124.91409317744545,146.33610865144956,151.58558365035637,45.243873448170326,47.352910794119964,49.8743871115688,7.794725760351566e-06,0.04661943427521426,5.2494749989068055,1.2038809939784354,-0.46541487017610744,0
1.2495867768595041,0.5262524423981243,0.9912259421601264,122.41167975833481,135.25606602677658,144.42384888978575,43.45367006345299,41.58022128439944,48.701079083169915,6.898002207498666e-07,0.05133769162908808,9.167782863009165,1.1702607822257751,-0.5133079362688058,0
1.2495867768595041,0.7204111163899664,0.9983700134438507,130.3503271471577,138.32584979220118,144.2140726998246,43.652623767708,40.64006978472356,46.505811727615935,5.478913545141282e-07,0.07452623663359115,5.88822290762343,1.0979346289579854,-0.74520757720046,0
1.2495867768595041,0.775723258966829,1.0,129.53995405898814,145.29743033691898,148.39671197909834,47.47320220992051,43.878134777659746,49.96732641783546,3.58283885826686e-05,0.07834000238217759,3.0992816421793634,1.136791513746367,-0.779817184963509,0
2.221487603305785,0.6724049820163024,1.0,126.56382657746295,138.7522273601819,143.49312825221915,37.60807926292759,38.57647566156186,43.09851731907887,1.7778424486962534e-06,0.048623854214731095,4.740900892037246,1.1248731878161649,-0.4860607579024413,0
2.221487603305785,0.6724049820163024,1.0,161.32213531418077,170.94600605623333,174.6728438333552,35.11418040822754,31.952360208380608,36.53553589318425,6.578017060176138e-05,0.12193783732851,3.726837777121858,1.0760876419920742,-1.2128003562249239,0
2.221487603305785,0.6724049820163024,1.0,157.21606268310813,169.8418131531768,171.45527788709606,34.57876301865372,31.733415800548684,32.91512379653394,2.297519472161312e-05,0.12751889504630184,1.6134647339192725,1.0836780727536168,-1.2728914309908572,0
2.221487603305785,0.6724049820163024,1.0,158.05693446915038,171.81193154488608,174.0404163387118,34.87533914013547,30.09162313419408,32.06666130861306,0.0,0.12986578383569236,2.2284847938257144,1.0942020033239577,-1.2986578383569236,0
2.221487603305785,0.6724049820163024,1.0,126.38156961935371,135.76171290830382,138.3548005761074,39.87805021224664,39.43061650410021,41.93749229990159,1.928275271278244e-05,0.05789489231334774,2.5930876678035872,1.0861445732655384,-0.5770206478621992,0
2.221487603305785,0.6724049820163024,1.0,136.1728036588832,144.11755310135993,143.98559854497356,38.81425933137008,36.38613856741385,39.73881021196328,0.0,0.07894919664770028,-0.13195455638637554,1.0496657843564399,-0.7894919664770028,0
2.221487603305785,0.6724049820163024,1.0,124.83013522672614,138.35045490073898,141.58868651340242,40.157057735097425,39.82961934284463,43.21725557740048,0.0,0.05530266126603717,3.2382316126634407,1.125236703102018,-0.5530266126603717,0
2.221487603305785,0.6724049820163024,1.0,130.4815200161791,143.20044014276968,145.98917352638944,47.73455322724261,47.9649821660077,49.17003789556903,0.0,0.159711245564625,2.788733383619757,1.1103398675983145,-1.59711245564625,0
2.221487603305785,0.6724049820163024,1.0,114.14723014779833,126.1288120654598,129.28383633412042,41.42700484830617,43.72250276139684,45.90752398456268,0.0,0.05157329483711818,3.1550242686606254,1.1227698327452333,-0.5157329483711818,0
2.221487603305785,0.6724049820163024,1.0,110.23751639774368,121.23359884013293,125.85223337268792,40.01349723192234,42.32035351536172,44.98933560834844,0.0,0.03715444554974581,4.618634532554992,1.1313829852393278,-0.3715444554974581,0
2.221487603305785,0.6706819154075643,0.9999695031641493,119.13256573229565,130.1399267600491,133.74547367920474,42.648399653325214,43.774876760635365,46.44357796720317,0.0,0.08253939989969927,3.6055469191556426,1.1133157180480453,-0.8253939989969927,0
2.221487603305785,0.670225036776956,0.9999714177637095,81.73435243540479,101.66761644082712,143.37315889301271,45.66675179556685,49.016141930163236,61.1048283703238,0.0014175279761762302,0.024232685200064278,41.7055424521856,1.7329338379115489,-0.10057405438301975,0
2.221487603305785,0.6724049820163024,1.0,130.3335712372644,142.7942495845905,129.08357711312257,39.62941678690542,45.41953114793873,38.885214440478656,0.0,0.04017746149808663,-13.710672471467916,0.9828680960782141,-0.4017746149808663,0
2.221487603305785,0.6724049820163024,1.0,146.76928279002144,117.61809163059164,90.49320176876995,61.95582219743842,33.48083575521245,57.001921971852596,0.0,0.0125134124537043,-27.124889861821686,0.6123952154343187,-0.125134124537043,0
2.221487603305785,0.6724049820163024,1.0,105.8345541453496,117.91053418382964,122.17659263085399,45.96321647375419,47.34855959751685,52.08845008448639,0.0,0.05600846471816958,4.266058447024349,1.1436055834953116,-0.5600846471816958,0
2.221487603305785,0.6724049820163024,1.0,146.00075661922253,179.17931055686736,161.37848397393853,35.707268925574326,33.63437189809095,32.87227270964584,1.0940568915053867e-06,0.05433141226060326,-17.800826582928835,1.0978071656594175,-0.543204716916882,0
2.221487603305785,0.6724049820163024,1.0,129.57432181665135,142.08075246512746,147.50019636298046,40.85991786227578,42.510268023582455,47.48816700131327,0.0,0.061289477333466076,5.419443897853,1.1296263638274602,-0.6128947733346608,0
2.221487603305785,0.6724049820163024,1.0,131.21601430976432,149.9157400575014,177.01929891446937,29.04085607847237,27.869768176676523,23.923812796776204,0.0009510089529410574,0.03133679802916592,27.103558856967965,1.3388642808407232,-0.21826708499755346,0
2.221487603305785,0.6724049820163024,1.0,112.80136101272466,130.46108104858104,167.36209921181512,36.571245611302764,36.55001310818444,43.74443806095467,0.00023973521635111786,0.057053152292445786,36.901018163234085,1.4706511215898517,-0.5465580012893461,0
2.221487603305785,0.6724049820163024,1.0,110.75276206327342,138.16552948314313,177.7922702402816,37.87554639389046,36.268398455751125,32.48952021056578,0.0007301462179684074,0.028472420330093375,39.626740757138464,1.5909429615674036,-0.21170958150409297,0
2.221487603305785,0.6724049820163024,1.0,114.64067105033014,139.69286356530674,181.4698990718877,37.73489781244709,33.996593134016884,31.606918529535086,0.0005756106820432716,0.04109687955828547,41.77703550658097,1.5692567106680555,-0.35340772737852755,0
1.2495867768595041,0.7433300388483796,0.9996917664585293,96.0582876966512,119.27892935079385,115.61072303130085,39.13387728813747,39.36490808722157,47.11052843413617,0.0,0.011018300956324723,-3.6682063194929952,1.1911473587153523,-0.11018300956324723,0
1.2495867768595041,0.7354162998999677,0.999584418042356,103.61205590574109,124.08029615169572,117.52254438379423,38.160747913971065,40.05709538708371,44.008614888345775,0.00017292332628962632,0.021308422159467592,-6.557751767901493,1.123413007862936,-0.1957918889657133,0
1.2495867768595041,0.775723258966829,1.0,121.96918522344659,138.09455704228432,130.8386188727098,34.67845291056564,33.27916708019479,38.6578473692093,1.3674957474300994e-06,0.027634080564917965,-7.255938169574534,1.0639951678541555,-0.2762040560744366,0
1.2495867768595041,0.739700900414748,0.9991271555953881,108.23057886169964,124.81469012023143,151.8455243540467,41.30552863293375,39.18699150633752,44.58075332479674,2.422883518848186e-05,0.019203199848877774,27.030834233815256,1.3901375048675995,-0.18960911496992958,0
1.2495867768595041,0.775723258966829,1.0,112.12757253268617,119.04416732257641,119.17002273820455,53.01490000274715,39.32445466276892,51.415246104054425,0.00011336539746195524,0.018570455500526006,0.12585541562813773,1.0534127098305104,-0.17436801525906453,0
1.2495867768595041,0.775723258966829,1.0,120.13261893830075,127.12806282522192,119.50776228191,46.334515682709046,37.71448148919943,50.3144083199996,1.3674957474300994e-07,0.04333552998733562,-7.620300543311913,0.9865861345141198,-0.4333416249158819,0
1.2495867768595041,0.775723258966829,1.0,128.94634576282303,143.56512131597358,151.70997789037563,32.6063269872557,29.139907895354966,52.208670326898726,0.0008888722358295646,0.015052299191112591,8.144856574402041,1.1674816786866435,-0.06163576832816946,0
