Aspect_Ratio,Circularity,Solidity,Mean_Blue,Mean_Green,Mean_Red,Std_Blue,Std_Green,Std_Red,Label
0.9431859043509528,0.0523309185898747,0.8863818534805634,172.37880783729088,189.72231862371981,196.72388087897176,31.45739252493408,26.137378478209957,24.760857326832006,1
1.6356997971602434,0.08759951283296877,0.8048021859302618,176.72741078139768,189.5857660910483,190.0247480685946,31.218978099281216,27.124102153129144,29.12314745082872,1
1.4523809523809523,0.04852102439285347,0.5534513467411654,200.35684489683445,186.27240257291922,179.03227425114505,38.08920730837304,23.80074769717517,23.20808709722454,1
1.706305543800254,0.09111008683988668,0.6849082577338729,165.9208950629258,191.00232635922944,208.5193765706196,33.18612058028362,27.142230657795164,25.338694414104985,1
1.6160320641282566,0.011431903591645257,0.46661085163934596,164.72221814914724,180.7410301645321,190.65372348642356,31.523377896762412,26.142498436960672,30.549341892954867,1
1.7754293262879788,0.009978064914236405,0.3178733245420316,160.4552058665926,180.0964485477115,191.8478072621332,35.628110245226,29.77965308907404,29.81502475486165,1
0.8546188793538617,0.1682252442622572,0.8429246276730593,173.29372001491137,179.94173163985897,185.41860213384533,30.587156752694167,23.699659634020918,23.749242863496743,1
0.296875,0.05593487356750326,0.8087559074556848,157.74815670071186,175.98540536961582,191.89647394384585,33.17392120031119,25.797383057900586,24.057903694317503,1
0.5244708994708994,0.09074405771376724,0.7481163235428478,173.58742297423,182.84475089717452,184.93143254409168,30.83902218278267,26.7736289813024,27.90984946321478,1
2.4513668150031784,0.02236436546846385,0.5548740365852035,159.69626813150242,186.2809143381369,204.95747329320474,32.76115834769589,28.47355127447646,25.5867873862856,1
1.8929577464788732,0.012273544270604427,0.5578199247561642,175.05859499540904,178.12219019984215,176.23870879518006,23.47068018054983,22.172458517525712,35.589192090513095,1
1.7431906614785992,0.02929724890656187,0.5676698480997867,166.22769573118396,186.04729888422645,200.13018324921828,32.628691001859806,26.415183888688716,25.00420086689739,1
1.5849843587069865,0.07344878399818527,0.8095829866310393,181.6024891013506,191.0630634729352,199.85664456976136,36.36786827302777,23.939284081090243,19.62578875597396,1
2.901979264844486,0.12410361503907313,0.7216350469345938,179.593313874879,199.43436824582233,212.66800988912934,32.876153057929606,25.34583807002165,21.895177209437975,1
1.4273076923076924,0.062215803502654085,0.6418373379846396,170.03630980267832,189.73454519290172,203.28470630050842,32.900186229649776,27.706167681185143,25.921941945154988,1
1.6376929325751421,0.0419852758136727,0.769570823546719,180.66883469202392,186.899859474092,186.0396915087926,30.952970839559057,26.838425705958695,28.167004975448194,1
1.8211382113821137,0.05349732994456047,0.6754285701695001,176.3400483658718,188.48923965972574,191.34063586194583,32.663210146262074,28.349105653116684,27.888119319367462,1
1.8727357176033441,0.06974270593776657,0.7757277396988366,163.65645500495748,177.26095071083498,185.7574984385826,38.42984754575051,38.86805742051089,39.63582552121027,1
1.378217821782178,0.02002328103033758,0.6915619743065888,168.85253060232185,178.25338106924548,181.61139046181262,44.019412592402986,40.959416003365774,40.07221400879932,1
0.34854497354497355,0.06358523702518334,0.664456443073406,160.1275636519465,177.67085900959935,208.32493788532744,31.29113700441414,26.19564903232661,23.75236281491498,1
2.574003795066414,0.012272356824280928,0.6956395383442481,184.74736355219838,199.17273227985723,211.3472205983032,35.05263262767881,30.30532802374918,31.4776668044104,1
2.5127528583992964,0.08211100093986433,0.7057286695860164,175.24087738107562,192.12881306958792,206.5623441593422,31.475645091992774,26.192747801009517,24.344965040186057,1
0.8475228475228476,0.08213487674884248,0.6959916419843336,178.12718395219346,197.20437367731532,208.31204312944772,32.68352314463642,26.94133408460505,24.90690802597941,1
1.723714953271028,0.030643264253289726,0.6884678812939151,170.57236601091984,182.74135000443002,192.53365554094245,35.810601769783254,26.987572928219773,25.643935057211042,1
2.004580152671756,0.05270194615609234,0.6618389968231262,180.36289190429665,189.7576500402511,196.7124056274872,30.952082713961637,25.09483838361903,23.604357778017263,1
2.2387562465297055,0.06945436697812778,0.8213422166327833,147.6247440888786,178.4383604570755,203.83126857027258,20.691422939662647,20.097315819039824,22.305557278458217,1
1.9227467811158798,0.038732636558194554,0.6132681287665382,174.69523413324407,191.23003226103938,201.539051051744,29.75619807203835,24.998151887390133,21.511109878962987,1
1.383665065202471,0.022975198665613678,0.5941631976476057,183.1522171877693,191.86364942563944,196.4105614054864,30.596133227066353,25.38318011501882,24.60902973063155,1
1.936599423631124,0.04070404531941902,0.6199455286957938,178.61002324728113,190.53300434995728,196.05705695583882,31.028927646928576,26.84035018122473,25.24476598125806,1
1.2017224246439218,0.024218430713311985,0.5730680776483217,162.95104670556188,184.28637095367753,198.19536976321663,31.47991438942057,27.830994810709438,27.734770129495647,1
1.1256583897667418,0.09347526701143312,0.8447916078559006,163.85139536379967,179.5611276980888,194.2658111959491,31.837707781772398,19.512397887219624,14.323977467680985,1
0.6621287128712872,0.07791603258602903,0.8123901714727485,184.0382988949866,187.71771421215695,195.04966253724857,35.60827728196172,32.22087792877419,30.77148009967909,1
1.6141429669485012,0.06157715994163401,0.8156627359647418,163.69483065058617,185.3645437286924,202.77195849279798,33.846817054767044,22.988543624540288,17.202331082132336,1
1.0646437994722955,0.016956268177491178,0.4615267574197228,174.486795440152,171.46390384209417,169.28896849271692,42.46874553701519,39.390737478145475,37.409382641996075,1
0.958994708994709,0.03803637980617466,0.6588354219947876,166.4900751390538,181.42837967693768,173.13222438955984,42.184273738323654,37.841474364121204,42.66269325246425,1
1.9555735056542811,0.012270626368708048,0.6846004247562731,163.19152592230952,170.5904995758984,176.01833613667796,43.456315611440466,41.00647346559316,40.5606395873394,1
2.167741935483871,0.059867965581855476,0.8729026729590561,182.51278024705667,191.22066177259904,192.0508916405488,28.908776542173417,24.824062441948325,27.234400318707,1
1.856353591160221,0.10680164344857755,0.8811696843501924,176.46018237785836,189.71084892587263,191.96531369915004,30.344391438613584,24.521580282209218,25.02975362179876,1
1.3333333333333333,0.01362521296362163,0.5601620560363435,174.5394372458107,186.39290646558314,191.35918972439413,26.022390136068857,23.410364653506697,27.285350219364933,1
0.8756613756613757,0.016468277236439656,0.38179392711668003,188.8209234437063,186.96022060921106,186.5768841372804,39.663463916895815,26.29211231134008,30.347365293581934,1
0.7926605504587156,0.008622762182135493,0.23949199141447516,186.36032612272984,184.05257577117553,186.51436735182358,31.20956770905107,25.431049549249654,27.606359165158853,1
1.0257801899592944,0.01153668305112107,0.4525419733648825,164.83467260585624,178.97653768999774,187.7285015677319,34.99240498457368,29.056852953556188,34.712618899015304,1
2.309992706053975,0.018525007327015345,0.4777337055984043,152.44885096364808,181.33365409446333,197.75357427043173,31.76202288123655,26.362055042263567,24.47004877749613,1
1.6845744680851065,0.020799019124560694,0.5374765104333988,161.6933049394614,177.6212625924485,183.12402109651856,30.38347924593264,27.61585435216436,38.611196953965774,1
1.4672489082969433,0.012892189887279765,0.4618497797446086,157.69778128175685,176.66064402166526,192.44654763073623,33.018665596274005,27.439891517570448,26.30221275771599,1
0.2882917466410749,0.1005856064320997,0.7435083227246464,176.88318179665862,196.47810095079265,211.89848260010126,31.993661422863482,25.600005392535206,21.03246928299649,1
0.5933167436900106,0.02714757831421005,0.5196854860669874,169.7628380136615,192.14135856012143,207.56465249918682,33.00580312939015,30.223324653582882,28.70597940577609,1
2.0529531568228108,0.05973832727074611,0.8635922761449077,147.994978181418,180.86291327372203,204.86281695838372,24.236112805237717,20.814283288957185,22.142112816388604,1
1.5811764705882352,0.03739903881851387,0.6561528837469747,179.73261029323868,191.19535283545846,193.93103036678312,31.432115561238778,27.034063816565425,26.39783955598966,1
1.3067729083665338,0.05375272245167594,0.7061428023682338,169.21557302297302,183.6028929002829,190.4170844531942,26.331462285407284,22.733060723642957,23.68285424631065,1
1.6173285198555956,0.019392127609411395,0.5683337263307378,176.62486396228084,179.6632220780118,176.94397077582883,25.414867767877812,21.887636666927577,35.58818220031294,1
1.402147971360382,0.01592668312999153,0.5636641103716473,172.58277679396988,180.67830037818874,179.41837357681436,27.403087146063385,23.676091758576785,34.99355113375028,1
2.4259927797833933,0.029531037177488197,0.5990372011320437,171.776016035203,182.5512666137906,186.73198429929184,30.9334272155608,24.796288697037674,35.76533684306793,1
1.1943127962085307,0.017852274979621687,0.6256596941653794,163.36858864199726,176.79327145604304,181.52221268743816,33.239083966154354,26.294921682626107,32.65989767146043,1
3.545134818288394,0.028800514458570306,0.5008931093438197,161.1806439389612,181.55976590615683,200.5710259837692,31.58113878976698,29.529995920324517,27.684620379306683,1
0.5097748815165877,0.07691474409055078,0.6802451584439836,179.4410320181765,186.8024981256446,194.25189814162894,34.485565386163394,26.796452773114932,23.636949290325873,1
0.52979485509606,0.05281724777268555,0.5577651751895281,169.04223090718537,191.99326855104513,206.63251612737844,33.007991586621,30.0099147405185,28.55365102198542,1
0.7166813768755517,0.07223360438884972,0.66683650733025,178.3668947973718,192.90519906211833,203.76204372620748,33.27310347186627,32.14581089568869,36.15946013874991,1
0.9668652271034996,0.008760924044753036,0.47609066783073517,152.7897653569463,169.7305246845808,182.8461190598027,42.300943975072066,39.997854470898986,38.94855320658141,1
0.5509164969450102,0.020916782172288456,0.6016597148935457,167.31022457020808,177.34113147606968,174.94385579567825,37.91568305855569,33.57324468410522,31.56774356463609,1
1.78328173374613,0.026263335783526222,0.5603697083960508,175.60862065955476,194.62770826524067,205.56556796858754,31.04113561950343,22.931927704808423,25.733602112550155,1
1.717937792927141,0.019075315475155664,0.5615895001660214,163.05601464669635,181.40524041533368,193.08967662172793,30.06553944217511,24.409261007637724,23.99088732035277,1
1.3333333333333333,0.035745898234565254,0.5939179527842721,179.94244157374015,192.44984383046588,198.02072906124542,32.08769555256367,25.893466682016665,24.5655196294989,1
2.053998981151299,0.08816425043848183,0.825010889201754,166.00858473271597,182.16196954757865,192.2674476121705,35.439817161160605,32.322341406965805,31.96473509482852,1
2.326601269474899,0.06347106438608405,0.6168072326097124,173.36094051686604,189.29095839327627,200.09381092886346,34.27770114097595,26.83799148846613,23.15289448298991,1
1.6298527443105757,0.02431686494491139,0.6123339561646896,171.41520246233296,177.96268737165823,155.4651344816119,43.35026965836508,33.184358065585236,46.252937031055616,1
0.5168650793650794,0.0448560491257782,0.8193063861526594,179.34973562559966,184.88934396555877,192.22883228381698,36.84143063049047,32.863914202537714,33.18477640493002,1
2.192534381139489,0.019842073935746964,0.7467942618985124,170.5500101938249,173.79183972462448,177.6233721488899,41.382895754825554,35.672197824723824,32.04876004188253,1
2.1062431544359255,0.10421818351442184,0.7973032439304097,195.38222073323337,197.2847946378651,199.91702646455863,41.23377642110106,25.43746138159628,21.58984280924027,1
1.0917248255234298,0.0244205003129224,0.5653611964055743,163.69496590474023,185.49622761905746,201.56257592533188,32.23392585689097,28.281384900777866,26.804918544175575,1
1.4213172448466567,0.05127613444913023,0.5827342610298885,171.01653791992396,192.38090124651572,208.9575813770203,35.316197371288496,29.621634107567278,25.480275269225,1
0.27843915343915343,0.18264025914655949,0.8844605584971059,175.1423090542392,183.95676822728228,188.52187941024022,28.157056221358285,24.594527232569522,26.403528386899517,1
1.5719298245614035,0.02758693017494356,0.6080494222482207,175.34182068438426,188.21203622487377,197.9965648088551,30.60212690957963,23.486438198400517,22.634321635032443,1
1.4661818181818183,0.022587085088350205,0.6077425425133554,174.32075148756076,189.12519288025553,201.9638940201001,28.314172805949575,25.1201472794493,24.43095678887472,1
1.696969696969697,0.03196465603108037,0.6295943368278989,171.44692813939318,184.4034466478349,197.69450605478283,30.802393997961257,26.963236315897834,26.260357819338672,1
1.523233849641103,0.023564144477780408,0.4878050713598177,162.71633876872872,177.10603174682132,193.68860432377576,27.707116094230134,25.497746604547153,21.635127405648433,1
1.7553330430996952,0.012471543796672846,0.47481308310272646,163.01156108085303,177.28309167870617,190.6352665459916,32.6755845910263,29.495503161103976,26.99717752852791,1
1.838577291381669,0.012963559137517575,0.5190306534652276,167.2994630826204,182.40454906619317,192.92663069456046,36.25994977872777,29.696772560596813,27.36872337930992,1
2.287010777084515,0.007668312069226758,0.44742107149844645,153.91524524010788,176.0075113378685,194.42907584631487,34.43045076740259,28.700859735392438,25.15223294666327,1
0.6641929499072357,0.030807297958765214,0.556227722439107,171.98661471292763,170.71608162187053,168.6521646002977,45.92158897199097,40.82328417534986,38.51482969793548,1
1.3406730369754882,0.017305384224732948,0.48364684177771383,151.77121395871092,167.6531940440436,180.00347327294458,44.499015320942874,42.665301130667906,43.39082127242476,1
1.7147418839808408,0.06058269148067008,0.6186810042817953,164.93611880878797,184.9324998461919,199.3318755380556,32.355804024175214,29.061854598470912,30.62920392656341,1
2.1198738170347005,0.051547701321251964,0.5628917351395386,163.79415513804938,190.26078592001008,208.32814877993874,31.831955974629015,27.18913314011258,25.832161264673836,1
1.6558659217877094,0.040520765254526164,0.6214938505365625,158.6966871806933,183.53207061006364,201.01408385925026,30.937992720025257,28.302656583716267,28.202582279390132,1
0.75,0.014059359683881521,0.46311071830276945,183.59195638202746,187.27515829577732,189.98179860552293,40.1207415299471,27.158978874867557,29.808774161963587,1
1.5787000783085356,0.035185438305141925,0.6127362597346928,169.7842852534754,188.73801402647132,198.1968436971059,33.74679956367464,24.727227673501183,33.08924047409624,1
0.41021825396825395,0.06325282001367757,0.7522198189771412,170.12924028481984,189.33831549470133,200.38825837196165,32.71044196038745,27.960242082536812,26.11318309822793,1
0.5898547030333928,0.030943701972538616,0.5790361206705484,176.0698892910295,185.318019337121,192.7097933272153,39.47866471035421,32.20272111143719,31.669843960924123,1
0.7410714285714286,0.005469594845618252,0.37593211137701504,160.76554794499194,173.20542286432237,180.28730580851933,36.43561038773724,29.700682588216353,38.52817955068472,1
0.4902037617554859,0.11919456021714166,0.705816052753325,115.59821133532938,174.70884444170818,222.06307694047374,11.535453979524629,11.37587336480213,13.893818992429354,1
0.5284204512996287,0.04563158267783048,0.4797316936748782,164.7970845696306,193.86557564192125,164.31177733910692,28.875908980841164,27.70514464880979,33.064486218599896,1
0.2553062462098241,0.124508937085321,0.8510134117413058,169.38414917985855,202.92303511667208,169.88691140205603,33.04346993608296,28.294689854177083,28.548281315191637,1
2.043831168831169,0.042608031640843036,0.798206261690094,169.35729837721271,173.23779144564085,180.27964415848382,35.600772117373914,26.074530130912176,26.08135092694705,1
0.6327289632728963,0.059691103382322266,0.7173703984674502,176.58715373450875,186.2997586852091,199.36964754550883,39.52321046770842,23.075024002683797,20.10720075463548,1
0.7168234064785789,0.030164679181562144,0.5358656007637294,183.49595644540145,187.00629921359052,201.31910408664552,41.793205100009274,35.23481159115302,31.797505276241974,1
2.0009925558312656,0.1089132056289357,0.8347024712887531,175.91811634354602,188.99717858135304,197.13545859868984,34.71011665942216,29.00392868212378,29.377853154843237,1
1.8105074090704985,0.0665167235057104,0.7383858731259021,176.2527430496485,187.90239732073397,191.14244311720793,35.61248723636625,31.118458874331193,33.42068798955884,1
0.7815550319757657,0.07875103931057546,0.6519616007414655,169.5391074858666,184.95746413552334,195.74594671625866,37.86260540261466,35.280424415280415,35.10989874749918,1
1.792,0.01709876877208958,0.43769753835446024,163.87790188082963,177.85797117727898,184.43025412424012,30.22154853330895,25.947672689875983,34.44925171073995,1
1.5471551052221357,0.024860667941306376,0.5697647882354872,172.85481853041725,177.14142788538499,172.0657625630091,28.4276725328285,25.0312291138877,35.234169628755,1
2.0211893369788108,0.017777809258609268,0.4884946022121326,152.500556496999,177.50569823129416,196.0880363353638,28.373697657664433,25.43077753818718,27.973278255709033,1
2.0069686411149825,0.03414243980064988,0.6953470164416687,160.36599769343044,171.29459397268323,178.36195687728022,46.580678776099774,41.59239587301968,40.466895309138415,1
0.4620505992010652,0.01851379066098534,0.5041402915059444,178.12456744239236,181.84712447824347,190.57931785693864,42.863454987659715,31.94025755908867,36.88962434791161,1
0.6224433388612494,0.056964066167573046,0.5507969285671325,199.60614764082365,187.98921999290306,182.27848258969343,39.11651378255283,33.2605279032875,32.675735839281714,1
0.9918422841604351,0.05885594247538035,0.611688446866,193.91379381818865,194.8288149539285,197.123284487686,33.936602806594614,32.50866882516684,31.490139550258036,1
1.4441260744985673,0.024697400148658406,0.5580970429531603,184.56391348845827,181.7120130386961,165.52346502134594,27.71223933077891,23.739931917242696,33.32940900482317,0
1.9301101005265677,0.0830153742992509,0.8473902319281366,180.16649248914874,185.23429124634467,178.78873565489798,28.35745450807069,23.736398466685436,30.306540236451177,0
1.9264214046822743,0.07431612945912162,0.6639591556934944,201.12589564452736,192.60495500533892,172.7351778104428,25.042726864269863,22.090495510946873,31.063258783159526,0
1.3435521492835723,0.02888301310794743,0.6051726481087663,182.58011418661246,181.24401290973728,167.45798693658634,34.262634453429605,28.206265407702872,36.16904925554537,0
1.3865002311604253,0.03753737346645809,0.4981459369880093,189.1251227685291,194.8557549747125,188.62987969624902,29.325782611479514,29.430164213680335,32.238349451544664,0
2.0069686411149825,0.05707613562056044,0.6235034805563594,186.5565789288025,183.96917223175214,175.58292976805032,27.89825227083034,20.260742813716274,29.064124947368153,0
1.3333333333333333,0.0429342995545518,0.645717930020973,177.49486388373433,177.3576759619777,168.9569776179151,30.438088865519624,22.475903239061992,29.831881187777544,0
0.4054232804232804,0.1720086580333093,0.7936446636127595,186.01146582245627,185.8635231308639,202.87504753228535,34.21029863242467,26.263198060252098,31.980653951472192,0
1.5658835546475995,0.09107742215874687,0.5797771571158707,170.17319442898312,188.1145450666073,197.67226365851545,23.463599424572923,23.93600444429355,27.91140597449094,0
2.9895150720838792,0.13925712409693514,0.5238706514912456,189.98850276668279,205.4184131923148,213.10855635505956,27.9509407255818,23.53214149096767,20.396165994413092,0
1.3333333333333333,0.0420249217980429,0.845107768903131,165.35847578770682,177.97788144459903,187.2854634834972,36.50590338801333,28.663659859410462,30.251309333407782,0
0.6068273092369478,0.20685539683070475,0.8065041663643968,164.5595882288459,173.3131870869621,209.81768494094723,21.775499678345376,14.54985979215712,21.666518811889443,0
4.704784130688448,0.035398691670745476,0.5589180845301878,163.940858906304,188.83948931835826,204.72957396829386,32.56988559483075,25.40509103954535,29.11032209288886,0
2.846286701208981,0.046611055155970534,0.6107378808771412,181.29526955965065,191.71226164890942,197.17124239791485,30.34352860091004,30.180717474220586,32.18459173634278,0
0.37824773413897284,0.24509296615442838,0.8883240352750592,174.4382574944104,193.2129027837981,168.1898803555736,23.559785062840465,20.874193999820232,22.590463842155895,0
0.44761904761904764,0.05621939676498933,0.44635172130186834,163.22914570611286,169.53144665931364,195.99796178229718,33.33488241735124,21.196135154736954,25.742722106089957,0
1.3333333333333333,0.08703421835450599,0.8536681582400227,156.1032113863243,170.13079501396663,181.62575423531865,36.90217127830075,29.307513295832592,32.93945201589873,0
1.3333333333333333,0.06344405916659043,0.8767400301557209,155.02857145793996,171.41882431061438,181.30196181844158,36.372792812985764,29.047615269155205,31.845424547069182,0
2.635294117647059,0.018005742728752164,0.49730681627004447,186.59732090618806,191.54388955952632,195.15414478200864,39.47318592187223,29.376545387054588,28.635436456289884,0
3.9069767441860463,0.06980384337871581,0.7336064852609403,171.58142774125923,201.5603029057737,194.4882840348092,37.011129453984324,25.856430131315303,28.18240565807501,0
6.307426597582038,0.127285080214295,0.7898557950122268,165.7528317046655,179.98944215379754,221.8898491035299,30.741488209841812,21.429645804279403,20.18388963352562,0
0.22883597883597884,0.13704804471763019,0.6560996593771158,161.88081275945814,177.05121768362957,218.02587602636754,21.366735500398903,20.194288519115393,23.0623111061514,0
0.35111876075731496,0.4035819536037983,0.9549126362134492,201.78552204081677,209.77025059183097,215.51686647454588,24.94161952380056,20.553317311709634,18.719876656610523,0
1.9086294416243654,0.0648377428750866,0.7259855201188047,197.77934434107664,209.2329004181907,218.44798707807766,27.44337920951734,24.384545950656815,21.979018492758993,0
0.47106647537063606,0.1643428904247128,0.8333274880008313,192.79935091487874,206.12844638836407,216.96423924014596,27.71448115961536,23.243735763500247,20.51763971210809,0
0.2868679775280899,0.04426774405082207,0.6248847442155615,171.9707377500045,183.7271501740338,191.71175990549875,25.299576904497464,24.942678287661934,18.734708176514573,0
2.12882787750792,0.017037919061293108,0.5223783098412288,175.16071406771695,187.40493593930256,193.17506744837604,30.473606296810182,27.520715157715056,26.60189470271173,0
2.196078431372549,0.04767921395668605,0.5868491586396849,187.4053924763484,182.27656273330518,175.2626771173229,32.50917563317356,20.54786424338004,25.62040027364882,0
0.3175044203081586,0.008533695140453067,0.4906137027914176,168.45980228191937,172.36623827183607,178.05068795236397,25.776572238162405,24.50694714542692,31.398605762214007,0
0.28827361563517917,0.07652527976820873,0.7097733377517287,166.4019709751933,181.57588179170432,217.36506779150346,32.86763006959917,26.020028165528807,28.64300955155445,0
0.75,0.05279995086085811,0.963579152077519,168.10737871182673,178.7395904809624,185.0557548002531,33.8737003831289,33.681507694316416,34.641411524014785,0
0.5731646825396826,0.003801617837132864,0.6330530220301703,182.5386208883607,184.7332656151443,186.51112885647237,31.881907743830606,32.611544529074166,36.01992382543142,0
0.75,0.007679756500202704,0.8473209777219565,166.78885934372525,177.3030495406041,183.62783237356385,28.87993365927433,29.611887681981294,31.415271277285132,0
0.5694444444444444,0.002914182930231835,0.4848218228764251,178.41101277257343,187.66965745233816,192.55408130512922,31.44815744650873,32.460760444254774,36.059868280553744,0
1.6149341142020497,0.06089445380837591,0.8368671943433326,187.7944561134298,185.1546971898302,176.63477587385887,34.28585078325413,20.558763563134622,28.55956933284863,0
2.0664355863662625,0.03470412744082739,0.6612053538028683,183.28078790481445,189.48836772151606,190.01228316036082,33.82283785365588,24.20389412006543,29.59840866110487,0
2.4540474741326843,0.0402770361067595,0.7274325182530125,181.87542895554589,186.47752735232416,181.67805079882012,36.539274509360176,29.48362531310029,33.06632102000364,0
1.6676372712146423,0.032978447257342926,0.5982171769970483,183.09025374205947,184.75617204223312,175.67154776637986,26.120628838230306,21.10263454625076,31.827023195619944,0
1.92,0.02617659236747375,0.5831830124966983,172.51081539151087,186.8298778679748,189.18030129305419,27.93308285024401,25.17041986339942,28.459923506792226,0
2.039453717754173,0.036815714434555766,0.5802254611093987,180.59617617247372,192.2852911644677,196.96549065900422,32.21205574097482,26.33868238113365,28.560503141188992,0
1.7246628969117008,0.023620036588393595,0.5731341818592084,182.58589561315216,189.34872106190238,187.73238550578762,32.84920171269372,24.458942615485324,26.1946555127628,0
0.3544973544973545,0.252497912443322,0.8273857987009212,165.88156139639207,180.58089744201584,218.70372661544334,26.11132006715309,19.559388744688327,16.61978698893032,0
7.174377224199288,0.25955168086915437,0.9220711869851624,172.28681761022438,201.88300895066104,185.75729237690436,36.04714457244347,22.675133248674904,14.698588718735394,0
3.3958333333333335,0.030619209864973816,0.5211856405329891,175.17332668027413,189.40693946527486,194.60397027682058,29.50211283081534,29.45037995805288,31.502031078983656,0
0.46261682242990654,0.15537933083567418,0.7555057152112937,155.22507900339113,173.30819109245613,214.54201803088006,16.75745326050122,14.902866291037448,22.266009818822504,0
1.3333333333333333,0.01748677037393269,0.5249201637021574,157.53776133307133,178.19045883587899,176.23966278657215,27.192358302316308,23.130808106771354,30.45150720528606,0
1.1960193003618818,0.11284610423641199,0.9172270910457607,138.40970281324786,156.2470394871924,219.4530417027222,20.999729386832584,19.215808678792655,16.58889264771889,0
0.5340608465608465,0.033871606923034626,0.40401003359985616,182.96216004841136,192.05903188613507,195.74473208455365,31.193546943263215,25.068784827472363,27.06908245913457,0
3.711157455683003,0.057318487180345976,0.4883168166189137,169.83575090546447,185.37755888219243,205.52351057395288,27.640735577884943,23.688766047706114,34.21633588553467,0
1.6120576671035387,0.037992900347323666,0.6948057695904379,153.03270100285516,175.30915778457413,176.86871234212907,17.706670392815195,17.149038156975863,19.26564992231909,0
4.406557377049181,0.2629720585439675,0.9587466530550108,176.53803827019723,204.94018855443835,177.69499768445843,30.376751396917932,18.598672143127523,15.182456335298658,0
3.073170731707317,0.11134272047450965,0.7791131076089152,167.05551181282874,174.89161983369797,205.30110844393946,41.731538942548774,29.242416878893028,27.035961679236458,0
0.75,0.11015552842662749,0.9343729641066872,154.03104072238003,174.94796463706615,182.6367005672191,31.74992250657037,28.526677378821518,33.9436053866246,0
0.75,0.06743900046806943,0.9407850422956064,153.69305954728122,174.13646935269648,180.45171474426843,33.30728022973024,29.317692491382765,32.63477182802308,0
2.5904954499494437,0.3221242851666264,0.8569824332336383,153.01488054488976,171.95875657953178,221.08860202356712,17.633253432332182,16.404543216806648,18.505517733718847,0
0.9833333333333333,0.0456159595923502,0.5370947276307154,163.70498274507506,176.8030693847176,195.25270148524814,30.038873350823557,28.392345966575967,22.93123605905149,0
0.75,0.01677210141010307,0.7903860820870674,159.53569561091223,177.31133839580906,186.52808060153427,30.207461910531425,25.703493384724638,32.01299178188171,0
0.6569052783803326,0.011731819377196426,0.47911489901800725,159.63038741993324,179.60801822665422,184.2322992515347,22.037502708497094,21.506992661552786,25.146025925990962,0
0.21137741842333238,0.09030457699730053,0.878292023020659,150.51379973675165,176.81780478329856,194.00481668563978,39.146440995821614,31.882749323928525,35.86273577865165,0
0.16666666666666666,0.09325763182025994,0.8340726490244283,161.8927532505693,191.50675562225186,171.05561070825158,36.07594974468354,27.470911651909677,27.888277410315133,0
1.9534883720930232,0.03455920005464718,0.6159027831270069,181.95007526402992,186.12817883958354,185.043304188945,31.161977075594134,23.534381917187844,29.874444918474595,0
3.189873417721519,0.07434851518221258,0.7410868678706394,167.11904879384173,182.33362779618335,216.7383172458727,30.02953342685426,21.48928474463948,27.217413597275176,0
3.3185185185185184,0.10635488216632477,0.7286392885929097,160.76159395024416,178.37244441714557,212.74680858879378,26.733402683790896,21.16652125391644,30.505072904412778,0
0.6015968063872256,0.035598134596689784,0.4949644504937794,183.25025863621576,190.47639045761505,197.5078358745534,35.67749184282868,26.188789497278798,25.61338289899144,0
0.1572420634920635,0.2639265979845874,0.9380349672878009,177.08592429922732,209.41528604335437,188.42603699037227,32.568882507692855,19.138258755672886,13.235664260879178,0
0.24851190476190477,0.025381255745637744,0.7878924668797717,173.268788029699,182.07632638286793,199.91034235817554,50.219423781216115,30.493332739291265,27.02651497058801,0
0.75,0.013330876143700321,0.7389722702315408,167.79845722805638,184.85249238862764,186.19086197506738,31.1019866766243,29.24326052856822,32.11502237419541,0
0.75,0.018290009650237582,0.7772015063870288,167.91465514448245,182.60436512762163,183.50237690283723,31.786021190214935,29.691495980400756,32.182998509724676,0
0.75,0.051911572846814476,0.9161689104151112,157.0681677626795,174.9235661538661,179.3294743098143,32.054032239580515,29.656143154956123,32.59382254679451,0
0.75,0.05035535076615729,0.9196552111083248,153.64182750696867,173.8103421381148,180.5827181191968,31.899062506185903,29.463120415406337,32.12050718063178,0
0.75,0.05284338611603227,0.9176666181148034,153.56195994088924,173.48751625227027,180.42903602950938,31.82591625590475,29.46568757242563,32.05032489173049,0
0.25496031746031744,0.2867283282433374,0.9721850880364843,168.247451420057,200.3803268011799,182.40493031845608,28.48221049313581,19.581977419828217,15.528615749271916,0
0.21502976190476192,0.3321711290638583,0.9667104068557536,168.2658508158052,204.2520981509354,186.40999655312856,25.53846598761853,17.767258993479626,13.020525553974922,0
0.19940476190476192,0.2897844525235009,0.947468157377911,165.99416343560333,204.2909427503834,184.241052832708,23.21754064905376,17.124037647526848,12.036641854071881,0
0.1996527777777778,0.1155345281233989,0.7154578383558963,162.04194723954856,173.28148742894209,201.980056531351,31.16536328426821,23.091959647449492,27.713469527955958,0
0.21205357142857142,0.09397931957737392,0.7204603505739754,164.25712172190507,173.56958221554174,199.8561395999343,30.928761913338114,22.67929596532418,27.24551282142669,0
0.30175109443402126,0.1099487704547368,0.8824504025777968,175.8080344690129,191.19130099482558,191.77713715698206,46.81272877453175,27.788048006174275,29.67155637681107,0
0.30644605308514306,0.11260907841263622,0.6792733741082757,163.73810016332388,179.364412185502,210.83458069385387,21.151899404897392,20.389048281579388,29.58264071271432,0
1.3333333333333333,0.1460744244931962,0.8980010582353564,161.41244438191055,175.08347000120037,181.30187837075675,34.59976351261956,29.76598266657888,31.52895649817873,0
1.3333333333333333,0.01889837506821242,0.8102899033512959,165.98318067274477,179.72301507527527,183.20752388502828,32.70585284396425,29.84024090261993,32.06331031910353,0
1.3333333333333333,0.052714188332029815,0.8398680099072784,159.96696906186443,176.08946590005002,181.5505811930824,33.866980255552015,30.48266714269569,32.285164174395454,0
6.987868284228769,0.09003481240657388,0.6503069974607668,171.6335909045304,180.88873768348364,218.16062632481683,32.84751080508002,21.771525159035996,21.717749868172323,0
3.132867132867133,0.04178403874572144,0.7077304710106656,175.07698302361936,203.27893395947788,195.57150073192298,36.89057939010734,27.642274015202123,29.690949476911403,0
1.3536784741144414,0.033430746088505055,0.5648062731401238,169.6516571898141,188.66743390603747,198.3162893635711,24.000380114855336,24.053789678377917,27.526418753383116,0
3.3491379310344827,0.22494658120283872,0.7360395080329752,202.42673650966788,215.1506795106762,221.0727238136308,24.97062071731413,20.289631958734105,18.190216440547953,0
2.0275150472914873,0.11460094162168327,0.49802549818801223,186.51558310759185,203.97699289203769,216.01988492973072,29.532973148954056,25.496147684579157,21.370259092816514,0
10.867924528301886,0.07636786722976185,0.6530070114021909,169.93928586275456,181.72328579394693,215.27974747597824,31.635319392211613,23.95603960678734,22.587141158723142,0
2.7937584803256446,0.2591115699032341,0.7257530605897821,195.39934052320353,208.81497235879388,213.74376966748272,27.452004842333107,22.88875744138881,20.62317169941571,0
2.391459074733096,0.03626232310846722,0.697460872636498,176.69583906683746,187.59212133496774,187.77577764319844,26.456398608257018,22.064127078761377,25.464670778325388,0
3.5946462715105163,0.15049398470817527,0.8779328685316056,165.9487283380216,193.88135964592652,153.08486782974546,20.615750723108796,20.55177097279197,19.850849467946116,0
2.205801104972376,0.2996221542480414,0.8432296587693323,186.47421532440316,203.20408319733627,215.12329729867872,25.749730021953077,21.617467887906432,19.681761039046204,0
0.5846313603322949,0.12128535034336817,0.47985864549313606,181.09941691990102,197.8517008372761,209.96385961200653,31.55476311340302,27.468535777668816,24.404982858042615,0
2.847457627118644,0.1661847337724723,0.9006542072755489,149.3631599072115,189.1666373346249,166.34170108848048,29.841359081534726,23.45824778201241,16.544728517201595,0
1.3030646992054484,0.44715054379034946,0.9155627610125491,177.6579664496827,198.2930683834671,211.2864903280982,20.815461240518683,22.63545510719229,25.76861539180312,0
1.3333333333333333,0.026340208667409017,0.7169389324135922,155.97945000459885,176.62041251403187,189.73303750993057,27.176527650183523,26.623685807023875,26.369319674351964,0
4.038666666666667,0.049582550647225936,0.7695474635357955,127.10609594637468,150.96800310522127,218.89673455498033,17.68637553531665,16.791728710744387,15.837737774826195,0
2.161930294906166,0.0315175694822273,0.5801204614089253,164.31547382436042,183.15014968639824,190.19793301773652,29.05385631569353,23.404641656442294,23.310307884203592,0
1.7959910913140311,0.03976059822652854,0.5383683443828544,168.92983270015225,183.05479250917455,188.16168048752328,30.093391319431774,24.367034952761703,24.640722645626546,0
1.3943311785181502,0.1929569479224436,0.7914356839179828,191.137009098244,200.29155266248205,209.32870899750304,30.49375590223245,22.868708025050093,18.27430525424528,0
1.774049217002237,0.2162704207640747,0.8458513275234426,198.17491399794199,198.3486870283364,204.0056325646119,23.541906135065858,17.68034740379282,18.121909507695083,0
0.4385485758876317,0.11739345905317113,0.8224622153320474,146.16420891541998,190.6045125663199,164.9615189859174,15.466485914302279,16.52649843031602,14.155745766462884,0
0.3694207027540361,0.04521279041234393,0.5006534025264553,179.76275450856926,179.2150195797502,173.59992539095447,19.770518809547468,18.547570503318628,21.108652864977582,0
0.3752843062926459,0.058031339938329415,0.596019773111387,199.00881851625175,182.87945285713346,83.2613867445855,16.812635721427352,8.549445099433086,19.567956173927858,0
0.36807095343680707,0.16901183340676418,0.9247673177724901,176.84238002641573,181.0830242392821,211.2208537526439,35.57990685901218,25.510562172740514,15.919252123165283,0
1.8130709768095572,0.032787132268605336,0.6856536340828401,145.4628860021894,165.11660937598356,203.7191956681523,24.190595113211984,20.432564042128167,41.44832364703173,0
