Aspect_Ratio,Circularity,Solidity,Mean_Blue,Mean_Green,Mean_Red,Std_Blue,Std_Green,Std_Red,Blue_Green_Ratio,Green_Red_Ratio,Blue_Minus_Green,Aspect_Circularity,Shape_Score,Total_Color_Variation,Color_Variation_Product,Mean_Green_Normalized,Label
0.75,0.298165079152404,0.9987908380904753,143.1560952006999,158.87559034148828,164.91440180795198,45.035830499756905,43.00090981718655,43.790155364794266,0.8954218395373792,0.9575756450931173,-15.719495140788382,0.22362380936430298,2.433760509344036,131.8268956817377,84803.21290051859,0.3402439695834847,1
1.3333333333333333,0.2420878152075921,0.9978947013388335,131.24779765732507,142.80962514719872,144.73309848908156,64.24347672923999,63.244889346514746,59.899225968524995,0.912649605497436,0.9799395376054406,-11.56182748987365,0.3227837536101228,5.289162160556412,187.38759204427973,243374.84251558728,0.34100491268539923,1
1.3333333333333333,0.31025486821551773,0.9985333234091431,125.58244514482404,137.99498405259646,145.05520013782052,49.019200776967246,39.45983268051744,42.277600321086844,0.9035034321620048,0.944813905443844,-12.41253890777243,0.4136731576206903,4.163350711146903,130.75663377857154,81777.11672864706,0.3376993762761558,1
1.3333333333333333,0.33610912804254883,0.9988368756099869,139.78097144441764,151.8026376516394,156.17590884306406,38.40777328960447,40.18633681500549,48.72910966658534,0.9147811424766852,0.9658136464361741,-12.021666207221756,0.44814550405673176,3.8523495201473574,127.32321977119531,75211.80748920322,0.3390271598252859,1
1.3333333333333333,0.06352101976142041,0.9913014141449289,115.437855542618,128.3768779434867,138.1040641705927,55.23949728889549,52.17098633348283,49.257277434685584,0.8922603279470275,0.922883732469883,-12.939022400868708,0.08469469301522721,18.1354031494676,156.6677610570639,141954.50144494182,0.3361365785898899,1
1.3333333333333333,0.10151092146464312,0.9950442776789963,109.30393767800102,121.50159448402904,128.24486295475242,51.69830724468048,51.11375138587457,51.49387921527023,0.8922654283675577,0.940088384994967,-12.197656806028021,0.13534789528619082,11.956975297312871,154.30593784582527,136072.28867460423,0.3383970499308605,1
1.3333333333333333,0.05146080111422708,0.989975223022545,133.75582258161526,147.6492655551578,153.99980467090523,49.73855188727157,47.240982483130566,51.14130854731003,0.8998081630748712,0.9525771072334313,-13.893442973542534,0.0686144014856361,21.694044157597066,148.12084291771217,120166.6333998425,0.3391079613346826,1
1.3333333333333333,0.013323097481091839,0.958753295765295,123.74910672704071,140.48013884121187,148.74506391337542,51.04236691883295,53.24204434134434,57.80932558322982,0.8746747617058016,0.938128677967488,-16.731032114171157,0.017764129974789118,57.16793553747626,162.0937368434071,157102.62105330327,0.3401667745810746,1
1.3333333333333333,0.006297467704605577,0.9013160038107028,137.41917202572347,153.84695267011384,162.05725762941398,43.62933327610259,43.08886638033099,45.841005190709346,0.8874515749656466,0.9435149033339397,-16.427780644390367,0.008396623606140768,81.81230099670886,132.55920484714292,86178.2710774967,0.33937572750159056,1
1.3333333333333333,0.008672000598536326,0.918364538123637,129.47510587481108,140.97262840645777,146.5234165744774,55.29187629586237,50.05666173106669,47.35118357654734,0.9119723099309879,0.955594926418258,-11.497522531646695,0.0115626674647151,71.4081668055351,152.6997216034764,131055.1373445894,0.3380872468446339,1
1.3333333333333333,0.0567681879397949,0.9904974273123415,124.49835522004179,131.88624195875477,137.96825073130046,58.02554201442144,52.47746500973659,48.82856810172292,0.9368791936992513,0.9490386564177239,-7.387886738712979,0.07569091725305986,19.96958992710128,159.33157512588093,148684.61833827413,0.3344371485021497,1
1.3333333333333333,0.43118435687046164,0.9990598006041994,122.20607610243233,138.43628217631857,153.94006733586656,49.534073465494814,47.06800076191356,44.06242012737012,0.8764295360937803,0.8934827805142719,-16.230206073886237,0.5749124758272821,3.022168199233818,140.66449435477847,102730.20217739293,0.3339173916286661,1
1.3333333333333333,0.1317670537013337,0.9959079504891921,129.64985258396746,144.1623239597448,150.28362202735005,56.10929806878201,55.05499553959202,58.55773979210997,0.8931370692296223,0.9529275015221556,-14.512471375777352,0.1756894049351116,9.405100116860153,169.722033400484,180890.54738955814,0.33992867754286105,1
1.3333333333333333,0.010985240539957628,0.9653028744486437,128.5881548524095,143.79900410735243,150.75954833091347,54.31816458558142,56.76400926845061,61.19039040119854,0.8880458511791671,0.9475450190046495,-15.210849254942929,0.01464698738661017,63.53671909524013,172.27256425523058,188669.35859904115,0.3398325016589849,1
1.3333333333333333,0.0030688144161457086,0.8504572727943049,132.85581327436202,147.06690725184822,153.83579917835146,49.89574882920787,51.91654178294109,56.84906711297745,0.8972687803115011,0.94982496316918,-14.2110939774862,0.004091752554860944,102.02404677857255,158.6613577251264,147262.66077269815,0.33905249250670005,1
1.3333333333333333,0.19493729509343932,0.9973960069699681,137.77087087296889,149.40299056801888,150.27833233401157,56.68491848494049,51.669152400781286,49.860272189336726,0.9160115124882627,0.9876033683273817,-11.632119695049994,0.25991639345791906,6.506055097123302,158.21434307505848,146033.84116925063,0.34152986930696094,1
1.3333333333333333,0.040363419826985984,0.9727181618411779,141.59403126699408,154.15951408128046,155.65640288262674,48.867617029648024,47.49589886033688,48.50585362320722,0.9125707315171141,0.9840613677104725,-12.565482814286383,0.05381789310264798,26.474241382212487,144.86936951319214,112582.63903148494,0.34150668297284875,1
1.3333333333333333,0.16318691271194416,0.995288115711585,119.84355494792845,133.32018069585197,149.46861154921572,60.86649070670937,61.47737574608877,57.3927402475478,0.892223002731781,0.8860331687997614,-13.47662574792352,0.2175825502825922,7.698811142566071,179.73660670034593,214758.5903048882,0.3311213856147202,1
1.3333333333333333,0.02328710202491612,0.9382240169721512,123.24350165071463,132.89764952879807,128.13022693105918,60.50997527042251,53.78164437687883,63.341866032810984,0.9204306579273298,1.0291753734758808,-9.654147878083435,0.031049469366554824,40.05555462098516,177.6334856801123,206135.07969786267,0.34584321679705626,1
1.3333333333333333,0.010692617156979965,0.9535767295745611,131.47952995891535,141.20467933169493,143.5014219430025,50.543757113993735,51.85873604568485,59.71819677534163,0.9245794904697687,0.9771853967457294,-9.725149372779583,0.014256822875973286,64.43521973167022,162.1206899350202,156529.47713949537,0.3392829274599202,1
1.3333333333333333,0.052556438159058985,0.9905245593753932,136.09457621005382,145.6004683911237,152.23970477616558,51.30915855322915,50.820189711840584,56.54062464581723,0.9283365715241739,0.9501484527381441,-9.505892181069896,0.0700752508787453,21.314086488478395,158.66997291088697,147432.00663364708,0.3355353969693534,1
1.3333333333333333,0.025397144103767567,0.9813430142709879,133.54193783069223,144.61238566079072,150.65652780066435,53.55841641830122,55.1172931541368,60.495514522323965,0.9171056241176007,0.9535520017368961,-11.070447830098487,0.03386285880502342,37.667822280369144,169.17122409476198,178582.4526778331,0.33724049945337514,1
1.3333333333333333,0.030985673655320917,0.9819686622062751,129.78868051990187,142.9374618785119,148.5258854334298,52.621316852536445,55.090883440354105,59.41972017058623,0.9017018837628797,0.9559379064312504,-13.148781358610023,0.04131423154042789,32.531692526181885,167.13192046347677,172255.08497597347,0.33931578350898767,1
1.3333333333333333,0.02204623147835176,0.9788048922537401,134.6320157335593,146.46280557622538,150.94686086970913,49.57425093127314,49.09750181061984,55.72664154216698,0.9129896532720336,0.9639080711368813,-11.830789842666064,0.029394975304469013,41.60655627274121,154.39839428405998,135637.0781939449,0.3390015630838524,1
1.3333333333333333,0.1385834106511389,0.9958732820968293,133.10596831797056,128.48834544628232,121.29617184942205,58.4951831040463,52.19750317554252,67.51867655487928,1.0279378260585543,1.0506326036475158,4.617622871688241,0.1847778808681852,8.973635263117531,178.2113628344681,206154.9443151625,0.33557466240078687,1
1.3333333333333333,0.13944413004446118,0.9959854216162813,105.03019030773113,133.61324220994436,153.85319894973347,52.15329612568734,57.780087193262254,62.29321666928656,0.7802366883335656,0.862838114524946,-28.583051902213228,0.18592550672594824,8.921951855430205,172.22659998823616,187715.7494098898,0.34041882527860357,1
1.3333333333333333,0.22130633419308157,0.997832830421863,118.74486014579814,132.4684992315062,149.97916534353072,58.74938854528118,60.17064544169981,55.71524806369638,0.8896845385204388,0.8773958905528041,-13.723639085708058,0.2950751122574421,5.764361525094861,174.63528205067738,196952.76831553178,0.3301868581018123,1
1.3333333333333333,0.12795345967602656,0.9944674944423626,139.51298768836142,148.34050368056893,153.38194974303846,52.745116332538856,51.43359418354361,50.63905690381857,0.9341939008507162,0.9608668884378955,-8.827515992207509,0.17060461290136875,9.665095289850413,154.81776741990103,137377.2243138969,0.3361935371889715,1
1.3333333333333333,0.14373594590781494,0.9961763419177851,133.2346264790325,147.5131848498756,152.28502824073152,51.12671604357949,49.073719440751155,47.90993110688482,0.8971232191519735,0.9623456807419487,-14.278558370843115,0.19164792787708657,8.672879497764583,148.11036659121547,120204.9688323464,0.34065126560950526,1
1.3333333333333333,0.008416190806340524,0.8621436064996905,132.69115425752247,146.3884187486943,153.0000436573784,47.20559131593873,48.84312647203926,53.54084639328841,0.9002820939667484,0.9505738782411092,-13.697264491171836,0.011221587741787366,72.40006075926836,149.5895641812664,123447.45192465915,0.3387996403974505,1
1.3333333333333333,0.013171498024186927,0.9687070424192659,126.27840246747931,138.0986009459796,144.73085589633885,52.151094486955145,52.78732704321818,56.70447699795483,0.9078337352689899,0.9476277353658842,-11.820198478500288,0.017561997365582567,57.54195658569722,161.64289852812814,156102.7119187861,0.33756037143594486,1
1.3333333333333333,0.0113976146437712,0.9321332102928885,123.50109895504809,144.70879510324812,152.75596649175554,52.758870481917995,50.42104377661955,53.98233745230525,0.8475884991536453,0.9411588922697673,-21.20769614820003,0.015196819525028266,62.312241599390795,157.16225171084278,143601.51002587678,0.3437542296521754,1
1.3333333333333333,0.07388466990241735,0.9932888621289538,127.14609316882024,141.57004430220056,149.1007683496653,53.25865505303426,55.140539614737,59.474476232468525,0.8918149236126579,0.9431666863450553,-14.423951133380314,0.09851289320322312,15.894839127153912,167.8736709002398,174659.34730904768,0.338832733501114,1
1.3333333333333333,0.008625553181421209,0.9399785265911939,115.58583151213499,120.48362100364233,120.04000870088473,55.39172686478173,49.474319813541555,61.31417536458959,0.9514519781120904,0.9954032744774718,-4.897789491507339,0.011500737575228279,71.5862407063066,166.18022204291287,168029.53614205238,0.33833310856725146,1
1.3333333333333333,0.05387260371881446,0.9911257552184267,123.16478126990008,128.92953726932427,122.62940185990041,57.515507939681534,52.81088019397353,58.261808832442476,0.947935195171196,1.042871156292013,-5.764755999424196,0.07183013829175261,20.874886190690606,168.58819696609754,176967.01657178576,0.344065588193881,1
1.3333333333333333,0.024285784857347316,0.9833126705042544,122.16686289744848,128.71317289025131,126.95683416706441,59.726634552208864,51.64884016000473,65.14655102185868,0.9418231022751431,1.0059108896223503,-6.546309992802833,0.03238104647646309,38.88880884252544,176.52202573407226,200964.82334643256,0.34065805411118627,1
1.3333333333333333,0.21638059070429122,0.9970643490454765,123.1864537403098,131.18543006117244,135.52552085534518,69.16610936024425,69.62104196801948,66.6397790522359,0.9319215717140829,0.9608857687506587,-7.9989763208626385,0.2885074542723883,5.889786439664321,205.42693038049964,320898.2984373469,0.3364614088073676,1
1.3333333333333333,0.19558170604611955,0.9973764768626998,130.34065362771338,142.79338072320013,144.7586642100475,66.34518964123913,66.63826973091174,66.31361119631703,0.9064440447270447,0.9796562111561739,-12.45272709548675,0.2607756080614927,6.485661389706618,199.29707056846792,293181.0058583479,0.34169867340328713,1
1.3333333333333333,0.05625429780419579,0.9893981491834385,118.25466397283654,127.67714685803293,136.3295334102408,63.51853161516054,64.84289307432694,67.93084015579309,0.9190028444079871,0.9297136871253064,-9.422482885196388,0.07500573040559438,20.12448063782657,196.29226484528056,279788.4736518904,0.3340048602390226,1
1.3333333333333333,0.02171982218183466,0.982161832843866,118.50688543358896,116.6997397168323,125.00777109275779,59.38280388710115,46.713195202899506,65.01130987980494,1.0068576678138672,0.9261312909893978,1.807145716756665,0.028959762909112882,42.034703905020876,171.1073089698056,180338.80628873568,0.32397300311686833,1
0.75,0.0022961246585088886,0.8119789438561095,131.88325877116097,142.52084028726648,152.66255283988625,42.18228686918994,40.953837456565296,52.084961649532815,0.9189136470159168,0.9274923372890386,-10.637581516105513,0.0017220934938816665,60.99482729959165,135.22108597528805,89978.15254207447,0.33372036812933187,1
0.75,0.07708872912828005,0.9935945837511385,111.89265934956144,126.6608364067737,143.3418810790913,52.124214792594394,46.431271247780835,43.93177360855675,0.8764838340321606,0.87750579014119,-14.768177057212256,0.057816546846210036,8.611906586617705,142.48725964893197,106323.39537405813,0.33166370710310217,1
1.3333333333333333,0.048178997912455154,0.9895718405721086,107.4928830084672,120.49147238808885,128.97028792379854,55.04044850371698,52.78762693783537,52.06105442158281,0.8847771855550078,0.9270693657209784,-12.998589379621649,0.06423866388327354,22.917777568800112,159.88912986313517,151261.03328330818,0.3375540132138073,1
1.3333333333333333,0.020526856841694193,0.9521212961305614,132.10761721067664,141.44002540327614,143.84668112349433,49.87120948184431,46.89495095895493,48.12231413841612,0.9274613426714409,0.9764809542490399,-9.332408192599502,0.027369142455592257,43.677386776100704,144.88847457921537,112544.03734451144,0.3388642761999943,1
1.3333333333333333,0.1139414314556026,0.9905391042629486,123.78105217748724,141.56478724523836,154.19340770334597,46.273362296372774,46.03307273077434,48.703801072046645,0.8682442177293082,0.9121829937251016,-17.783735067751124,0.15192190860747012,10.757769356657386,141.01023609919378,103744.21271937754,0.3374291874121091,1
0.75,0.0036069032143853934,0.9068186467829885,127.96244861543342,142.25361520754151,149.9585438778462,54.443482126857596,57.10374163973561,62.08183401970742,0.8932580754073486,0.9423356343623146,-14.291166592108098,0.002705177410789045,55.11908096818755,173.62905778630062,193007.86127058323,0.33855833408388875,1
0.75,0.013771749203293687,0.9225184963016954,134.94771263779953,147.3143065343396,154.87973069924988,47.51693880384087,48.36346926533164,52.55875397515217,0.9098765708522847,0.9450510715762259,-12.366593896540081,0.010328811902470265,31.550055218321248,148.4391620443247,120784.43206545281,0.33699436527780924,1
1.3333333333333333,0.105070873840184,0.9945632621428316,100.80944541828914,128.133901979167,149.4955305225193,57.09895630827178,63.10107937289125,65.68079919781452,0.7806582460007488,0.8514133378864284,-27.324456560877863,0.14009449845357866,11.58706185880826,185.88083487897757,236648.29875837825,0.3385854611012301,1
1.3333333333333333,0.22852349532939364,0.9978399704637718,127.49090573722172,139.36163151587752,145.79593834100106,62.38981702679263,61.01985883208582,55.314198145176384,0.9083031050604461,0.949356181723135,-11.870725778655796,0.3046979937725248,5.589945474730029,178.72387400405484,210582.13845446508,0.33772481847954267,1
1.3333333333333333,0.256122522830907,0.9981484867354445,132.40993439442366,145.12402197421284,149.45701015338085,57.588450051015094,53.51985653500979,47.69922802301094,0.9061476176572161,0.9645547377704011,-12.71408757978918,0.34149669710787595,5.010223558494247,158.80753460903583,147015.0110651174,0.3398760942328499,1
1.3333333333333333,0.07393267362229303,0.9923578538243926,126.12401893810146,134.13022879727765,139.25370721996336,58.39970611568069,53.227064669684594,50.732381018054895,0.9333516272462817,0.9563399888383549,-8.006209859176195,0.09857689816305737,15.885748371766296,162.35915180342016,157698.81277090654,0.33573856824020165,1
1.3333333333333333,0.010787830635119339,0.9299651859886221,132.50987134961437,141.7798577498048,144.44622162251113,54.98963694960126,49.086752218505865,46.81247727029623,0.9280711820137357,0.9747923058309348,-9.269986400190419,0.014383774180159119,64.14009026419407,150.88886643840334,126359.17301933837,0.33859012464863913,1
1.3333333333333333,0.23132458370324538,0.9973491087472682,122.25472251429234,133.2497749089463,140.56885468131438,59.44433033690258,56.30456838869005,55.411374315181604,0.9106512290036277,0.9412365114410571,-10.995052394653968,0.3084327782709938,5.525062191645262,171.16027304077423,185461.16958685342,0.3364270133320452,1
0.75,0.10147664072839259,0.9945488104940148,112.16673167775068,129.05005993544046,143.76150844501396,55.666129059006195,47.380901012444944,40.151749513947756,0.8624888887666223,0.8914666703991875,-16.883328257689783,0.07610748054629445,6.727866888520067,143.19877958539888,105900.69509312931,0.33521385469240556,1
0.75,0.008191498645377538,0.9597217183305923,134.62289824174115,147.67523179477388,153.03119569736347,47.685964446868255,50.0335044765226,55.046481116588076,0.9054830224012694,0.9587358659795278,-13.052333553032724,0.0061436239840331535,41.22804913549963,152.76595003997892,131335.17446530337,0.3392264730748908,1
0.75,0.013890003610104989,0.9724839244121374,131.22996292233194,146.25152754225158,153.5490027079989,55.204732038822115,53.78484906337563,57.56165815342513,0.8911959360467585,0.9463116874236687,-15.021564619919644,0.01041750270757874,31.393883912297326,166.55123925562287,170910.81941058527,0.33930668446627327,1
0.75,0.005756557237172441,0.9202247555490444,137.0723249180106,150.28877441491105,157.1182233150195,48.411735024374906,48.52813395893903,52.54499590440742,0.9060310353370192,0.9504835765545518,-13.216449496900452,0.004317417927879331,47.59923051151176,149.48486488772136,123445.59630890198,0.33812320789093336,1
0.75,0.0022027573826530044,0.8344044590956802,142.3940130932368,158.92784426607636,166.20957104353514,41.82081247606792,41.24316700788881,45.79771988515656,0.8903641123076226,0.9504709764771628,-16.53383117283957,0.0016520680369897533,61.46151861268443,128.8616993691133,78992.94930974573,0.33992975575780165,1
0.75,0.013493349616109129,0.9455722720496776,114.19219261332154,127.47639236701824,128.16810138953863,54.237909335081845,49.999111853018825,60.1735968224485,0.8888184864897899,0.9869030433650284,-13.284199753696697,0.010120012212081846,31.92392793089553,164.41061801054917,163181.60580458667,0.3446829291551879,1
0.75,0.014083417525586995,0.9742373262744198,106.62945234964432,115.22661377823613,124.38486092451818,54.139210145347974,46.86882672177929,57.675446545201474,0.9174271613306787,0.9189834636224757,-8.597161428591804,0.010562563144190247,31.141759644501285,158.68348341232874,146348.05770405845,0.3327931644568356,1
1.3333333333333333,0.14713353251512068,0.9962927897612557,137.39955331855583,151.82149969753115,157.86127659210376,44.508971566509544,43.12937265395274,46.850888830997384,0.8990852307463355,0.9556860108039537,-14.42194637897532,0.19617804335349423,8.485351993248347,134.48923305145968,89937.02862933981,0.33958286794869047,1
1.3333333333333333,0.22252420072549114,0.9978417758566939,118.41178906405783,137.5385918197543,151.57729278974952,49.083104065569664,48.182870103741045,45.0616125337858,0.854720605346686,0.901435523628549,-19.12680275569646,0.29669893430065486,5.734170160238133,142.3275867030965,106569.12871192396,0.33749509715486375,1
1.3333333333333333,0.3558943573613799,0.9986548170425621,140.86170545306422,154.0278000543396,158.70261817728579,50.803201042569256,48.45902241538242,49.358486535430195,0.9086222303592649,0.9644663425827711,-13.166094601275375,0.4745258098151732,3.6440390689503053,148.62070999338187,121514.34793331716,0.3395733567927,1
1.3333333333333333,0.13323862221998928,0.9957661074079128,110.78441519616815,126.12357257715095,142.05376993716771,63.872661435546746,63.81233887175536,61.438535816163515,0.8714702784877556,0.8816515121030863,-15.339157380982797,0.17765149629331903,9.308476391832142,189.1235361234656,250415.11119517384,0.332813456796094,1
1.3333333333333333,0.32074871023770657,0.998789114760868,113.78416780703638,126.74285597945192,156.36910010031204,56.449583689192394,54.76773534747227,51.915791483182126,0.8907282284759559,0.8053859105673351,-12.958688172415535,0.42766494698360874,4.031257846402717,163.13311051984678,160503.68433202495,0.31933508127582655,1
1.3333333333333333,0.013387530095387725,0.9684137672101377,111.3928183057825,118.23141956401759,125.85339440763838,56.8904154065528,49.71118544334384,58.27649624721289,0.9342572512606344,0.9320319737293398,-6.838601258235087,0.017850040127183633,57.01043795113196,164.87809709710953,164811.17570206992,0.33259875960842983,1
1.3333333333333333,0.0636303768749305,0.991388046616747,132.8280652250478,144.24721343928718,151.87620152121482,50.19151188061791,49.78083517557129,57.10986810212473,0.9144964786575369,0.9435557137339641,-11.419148214239385,0.08484050249990734,18.108468133989728,157.08221515831391,142693.31040311253,0.3362786238128628,1
1.3333333333333333,0.062359930018733724,0.9914662359108573,124.48083882670149,134.87363903741945,137.45135227492614,55.03725588164755,52.3045649315554,59.33255166687499,0.9161515045050026,0.9741590589133262,-10.392800210717965,0.08314657335831163,18.426404406252715,166.67437248007795,170800.6001026805,0.3398983300980169,1
1.3333333333333333,0.08798392072400504,0.9939133634538548,135.38424082619784,144.8664598347103,145.11969644457665,51.783888891306184,52.763006479417875,55.74151622200736,0.9281382504217182,0.9914232191801623,-9.482219008512459,0.11731189429867339,13.607674845845198,160.28841159273142,152301.0768262156,0.3405654479495568,1
1.3333333333333333,0.004167554391999774,0.8776407223726785,135.1553929457528,149.4806463337364,157.2622223872664,45.52976605507071,47.309850280181024,52.57548058213121,0.8981579773787308,0.9445124937520366,-14.325253387983594,0.005556739189333032,94.11174973757281,145.41509691738295,113247.92246439135,0.3382693694469945,1
1.3333333333333333,0.0076443655269067025,0.9091614575201789,131.56678327185207,144.7778805907589,152.34632233925842,46.28265606224335,47.8830290494187,52.42874909481106,0.9025154072667476,0.9441235915032709,-13.211097318906837,0.010192487369208936,75.56708861534705,146.5944342064731,116190.16968564062,0.33772084147013853,1
1.3333333333333333,0.012927105959771036,0.9662241971026464,121.39877583808014,126.75944199737198,127.43517791844133,53.719392664299114,55.48782426637171,69.35699622358149,0.9502137293349897,0.9869526717817647,-5.3606661592918385,0.017236141279694715,58.155326523672976,178.56421315425231,206737.4075956905,0.33749113650664603,1
1.3333333333333333,0.21376296241030857,0.9976577875987602,121.86384864336104,135.15508227662116,154.20006061207678,58.37509275130316,56.23336727303252,54.10100536561573,0.8950370901012336,0.8708442621967905,-13.29123363326012,0.28501728321374475,5.958686455394853,168.7094653899514,177593.47667957292,0.32866935880826004,1
1.3333333333333333,0.31826174275840446,0.9986124145099499,117.56499964158799,132.2061620427958,155.55643026882709,57.34953554767312,56.99306485618986,55.68495739276296,0.8825792879147536,0.8444633147024443,-14.641162401207808,0.42434899034453927,4.061799349900625,170.02755779662593,182007.71985117055,0.3261711382778428,1
1.3333333333333333,0.20015900896340458,0.9972760010000798,121.06423016158656,135.72391048394746,153.75033290163128,51.84870637020682,49.784563931116416,48.67226756658855,0.8854649470825406,0.8770508466060737,-14.659680322360899,0.26687867861787273,6.344402459404009,150.3055378679118,125636.0322772157,0.3305997348098841,1
1.3333333333333333,0.2786484015854031,0.9982715414354498,120.9031430271344,135.44610754344254,149.70042477468496,53.893890946038525,51.98332519037776,49.010272459164995,0.8860871534106646,0.8987772114508009,-14.542964516308132,0.3715312021138708,4.619229921281364,154.88748859558126,137306.3784360437,0.3335702889757846,1
1.3333333333333333,0.13233465352896015,0.9949514599119083,115.46045490038689,129.93592415454674,143.03634240707282,52.68398843162466,52.72755426922451,52.06577361393291,0.8818088362373814,0.9021051352951206,-14.475469254159847,0.1764462047052802,9.367594610837664,157.4773163147821,144633.4010570123,0.33451333261905974,1
1.3333333333333333,0.21015155362956503,0.9973579711516217,109.95273028893662,128.220695554137,142.96903741987157,56.31350105338727,53.96817887199644,51.30745888294165,0.8508910265296625,0.8906129946551905,-18.267965265200374,0.28020207150608667,6.056433903604642,161.58913880832537,155930.40168281886,0.3364114679231614,1
1.3333333333333333,0.02088230809685123,0.9807894393535742,111.57110491307508,119.4640616194692,125.33052677799787,57.26111231994454,51.89556683037902,55.66688943489767,0.9261775123066508,0.9456468255642186,-7.892956706394131,0.027843077462468308,43.1746658686201,164.8235685852212,165419.6106967079,0.3352288502007024,1
1.3333333333333333,0.017507700362098005,0.9815366890883894,103.70813740335008,109.98768341708502,123.64324269333257,54.465460252756756,48.276425584847615,65.27321614326442,0.9344112266369337,0.8824199454413625,-6.279546013734944,0.02334360048279734,48.471275889368464,168.0151019808688,171629.2469336978,0.32604490648500345,1
1.3333333333333333,0.02113695003579833,0.9551908591960788,113.21414570632655,124.85956071819196,120.94887224007927,55.4814645365135,52.40307236825268,61.197460543685516,0.8995275770890433,1.0238681049250087,-11.64541501186541,0.028182600047731106,42.82157795803353,169.0819974484517,177925.44790039773,0.34777634649779765,1
1.3333333333333333,0.026305093269696288,0.9834825011880717,132.52622005505876,145.89990827426388,146.78115876990154,49.79883945630285,47.86298549440892,52.88924180191977,0.9021531845182008,0.9872700247359218,-13.373688219205121,0.035073457692928384,36.72579280897375,150.55106675263156,126062.62541287311,0.34312654721793945,1
1.3333333333333333,0.016494407261223202,0.9702324978325013,133.25754302106554,147.68684039262018,154.04308196518463,47.814447257620735,46.1821559951437,50.52846965420675,0.8962295699416823,0.9525535646007327,-14.42929737155464,0.02199254301496427,50.325086354537135,144.5250729069712,111575.66619235657,0.3395197612510195,1
1.3333333333333333,0.05315013337853592,0.9859001991185737,134.65898214502005,146.39997461227645,142.3727895608605,53.62927331630294,52.140272473209095,55.95106175977983,0.9135617729869321,1.021114083506975,-11.740992467256405,0.07086684450471456,21.113705735838074,161.72060754929186,156452.87239635675,0.3457463354726238,1
0.75,0.1495752366201027,0.9944861162605921,139.01129543549675,150.2905911812275,155.65389704269683,47.24487316374301,39.75983180854678,41.76291972433592,0.91883635558657,0.9593798431983153,-11.279295745730764,0.11218142746507702,4.699977364191593,128.76762469662572,78449.48183423629,0.3377652267944521,1
1.3333333333333333,0.3355928771281707,0.9987116871777217,145.50773579050042,160.8615368952732,166.00320306932417,41.77086418058024,37.38382404529435,43.83846565971124,0.8989642541491872,0.9632242612047295,-15.35380110477277,0.4474571695042276,3.8581042075089913,122.99315388558583,68456.15931878307,0.34053960624638957,1
0.75,0.12382530768390226,0.9929091542992792,111.16967376094226,128.16885519385644,159.15156631742954,57.942057470052156,57.4172061692505,56.57165411964698,0.860653859586345,0.8002972318098873,-16.999181432914185,0.0928689807629267,5.6043211331261285,171.93091775894965,188206.59888596952,0.32163623817625375,1
0.75,0.09258969462791863,0.993144441911185,142.25782263197098,151.53824190189084,143.1646870018915,50.58712007491789,45.231257730958326,49.22293321148702,0.9326043152081692,1.0511467478849559,-9.28041926991986,0.06944227097093897,7.310675820999042,145.04131101736323,112627.9319644444,0.34680057961565364,1
0.75,0.021682407099495263,0.9731266394809058,127.9588836129976,131.22579074259747,124.72702605785824,51.49014248666671,49.410663485445,63.66868581772595,0.9677301447347272,1.0437357412892974,-3.266907129599872,0.01626180532462145,23.67244375229142,164.56949178983766,161983.45761968035,0.34181242874669876,1
0.75,0.021158700018058738,0.9404019642020097,78.70588921436985,117.71773578564104,159.19549086760475,50.341713965521684,55.01844430226547,63.80675106730031,0.6629665626076517,0.7348380104089828,-39.01184657127119,0.015869025013544053,24.070323844233563,169.16690933508747,176727.01232488084,0.33102195729394696,1
0.75,0.1124718324439255,0.9942586021978123,132.2392190663302,134.87309592955927,117.00617236734541,58.4601323625623,53.24351714228868,63.28681633511382,0.9732553612739274,1.142932553643959,-2.6338768632290623,0.08435387433294413,6.12385709459677,174.9904658399648,196988.00389249407,0.3511236776323627,1
0.75,0.2668019303130945,0.9977548649107095,141.24605105686985,148.33681257114193,136.15453280426567,60.54272801216801,59.12742288889222,66.239410549891,0.9458220556942866,1.081530515530497,-7.090761514272089,0.2001014477348209,2.7095186769531,185.90956145095123,237119.56825370956,0.3484232623542575,1
0.75,0.22060779717506604,0.9967069633102306,131.1829642021161,144.1883936248843,148.25808376062275,50.803963562771884,49.91940953708709,61.482133589240675,0.9035361637862507,0.9660340665778001,-13.005429422768202,0.16545584788129952,3.252275114664215,162.20550668909965,155925.07651328327,0.34036443049027437,1
0.75,0.32388723626149973,0.9983941850591754,137.33883170407745,150.592494152328,158.2396398617534,42.15663511834034,41.701837341332045,49.87487530181463,0.9059738245751948,0.9456972791640789,-13.253662448250537,0.2429154271961248,2.246267357799211,133.733347761487,87680.4866650257,0.33752194948394637,1
0.75,0.21139439361288956,0.99660015790623,143.21917403343596,124.43889098102778,105.41402913211553,63.557144935060805,50.17068087664025,74.45476932761726,1.1417445810733242,1.1693842625443114,18.78028305240818,0.15854579520966716,3.3876196581173725,188.18259513931832,237414.31279771123,0.3335518601724631,1
1.3333333333333333,0.4115324904779102,0.9991558967456398,122.5212442392569,138.11218262617416,158.3589997676539,66.56715417742946,62.614006607641855,56.49643019760249,0.8807369845421744,0.866673252389525,-15.590938386917259,0.5487099873038802,3.1630618361627922,185.6775909826738,235479.1680150056,0.32962930556050385,1
1.3333333333333333,0.22995209395606622,0.9976532353913145,124.8725375961954,140.26072929975064,154.93622495665366,64.802100516988,60.52252567620261,53.1204034579689,0.8839862162343787,0.8994749573983825,-15.388191703555236,0.3066027919414216,5.556664713155029,178.44502965115953,208337.52076971193,0.33389887154425263,1
0.75,0.06685582456846798,0.9351554357885695,132.78144482870246,143.1902128755362,158.46791348731378,52.44010431816933,50.304317892247845,63.16396535283714,0.920876959543144,0.8979249163307543,-10.408768046833728,0.05014186842635098,9.75853169504223,165.90838756325434,166624.24635442355,0.32959753754199567,1
1.3333333333333333,0.3121007275658016,0.9984044429735052,112.96031077557237,129.5202036643687,147.6144026232817,55.78694532006811,50.60649699417639,47.33838170914203,0.8654622625785092,0.8715185162281052,-16.559892888796327,0.4161343034210688,4.139491839741182,153.73182402338654,133644.86150074715,0.3320222797042427,1
1.3333333333333333,0.5056293058667523,0.9994313832928775,119.60223646773323,132.68902357620675,146.6456883214389,61.32817778834159,52.07602694243955,43.29843041631324,0.8946301892881757,0.8986989399062568,-13.086787108473516,0.6741724078223363,2.5858369921237374,156.70263514709438,138283.40259850028,0.33260650365901767,1
1.3333333333333333,0.2954180121210503,0.9981901729856196,112.75103381095538,127.58715057362205,145.20882361131157,58.975116259837556,53.96645765596368,49.153775307391044,0.8768452625941051,0.8726364621659617,-14.836116762666677,0.39389068282806705,4.365601504880714,162.09534922319227,156440.64491057824,0.3309250180330345,1
1.3333333333333333,0.16981218155539862,0.9955528658848276,115.6899854162783,131.5213066263715,157.62358740780604,60.17770298258965,53.73562727666553,47.47436287742193,0.8729915842322082,0.8291409164025703,-15.831321210093208,0.22641624207386482,7.415144634806316,161.38769313667711,153517.21192711967,0.3248764207395011,1
1.3333333333333333,0.0645959087020426,0.9917157904506696,115.78127698837882,121.69651405656991,136.15923840472894,59.861961405460136,52.25580916354524,62.73375296538528,0.943639498470162,0.8872644341861123,-5.9152370681910895,0.08612787826939013,17.874081253692452,174.85152353439065,196239.66284640858,0.3257078513760111,1
1.3333333333333333,0.03928876379339195,0.9855034334059894,131.61491273991362,120.22125495970134,105.52675960196602,60.76752251330352,46.92231096821156,63.10818480959205,1.0857412157931177,1.1285545097673522,11.39365778021228,0.05238501839118926,27.051466312330007,170.79801829110713,179943.68608945998,0.33641221787464765,1
1.3333333333333333,0.1548752030705525,0.9954424491339714,135.95001645628398,124.7189008141023,104.06787646909491,62.40717513535793,46.66954104351422,65.16940994534586,1.081380886850977,1.187031707553237,11.231115642181678,0.20650027076073665,8.086924586002059,174.246126124218,189806.83326537348,0.3419421976472839,1
1.3333333333333333,0.019272724357735343,0.9628044211461146,118.87889775655339,131.67793963417824,136.7032747544117,46.99829707424651,46.780095382695215,49.06235941255802,0.8959959589689755,0.956244068044283,-12.799041877624859,0.02569696581031379,45.54865878006325,142.84075186949974,107867.75863574888,0.3400245352013583,1
1.3333333333333333,0.0007876315207298506,0.6731628884466492,126.0027686760289,138.7611794957152,144.78400485912337,46.9498506213663,47.737692956712685,51.423290442475775,0.9015577081609553,0.9518271886535522,-12.758410819686304,0.0010501753609731342,123.59833859463573,146.11083402055476,115253.86658690036,0.3388154634123072,1
1.3333333333333333,0.04717406246705191,0.9887088264757261,115.16140341518833,133.86268319140103,143.66311211928343,47.52397111091619,45.299177826505854,47.039892164295225,0.8539160032263924,0.9253408227594552,-18.7012797762127,0.0628987499560692,23.32059811390353,139.86304110171727,101267.33018800347,0.34088883881556814,1
1.3333333333333333,0.0022783145062120168,0.7800633414556636,131.03136539511243,140.98248519433392,145.09178200928045,43.537759845323144,42.049762915470346,44.439859382317756,0.9228699245246166,0.9650268020235254,-9.951119799221487,0.0030377526749493554,108.59253789750657,130.02738214311125,81358.38274687788,0.3380018733287282,1
1.3333333333333333,0.001391010234455664,0.8226627362715665,115.33219062123841,128.01106639581423,136.3443239269691,50.50190882396539,50.8129544563507,54.121622411805646,0.8939712990774904,0.9320448252661849,-12.678875774575815,0.0018546803126075519,117.05136821844394,155.43648569212172,138884.26592082452,0.3371484157515471,1
1.3333333333333333,0.0011697507121509363,0.6734277540193074,120.92769579503725,134.2053786955386,140.95797497343992,50.73509531032612,51.56812959458951,54.70991442058362,0.894400037644564,0.9453880891203765,-13.277682900501347,0.0015596676162012483,119.37001708398701,157.01313932549925,143138.31339371105,0.3388245679298818,1
1.3333333333333333,0.001077269561925716,0.6611432079524084,128.14572471145993,139.6378999060022,145.42434763363912,47.789954981753006,48.18781051118528,51.01950421275069,0.9111749023350632,0.9536521907912682,-11.492175194542256,0.0014363594159009546,120.3666053154656,146.99726970568898,117492.47416570602,0.3379361224452514,1
1.3333333333333333,0.0008345368123669751,0.6987450385545761,129.14119722051436,140.1896100069237,146.54425125346717,44.930794852414934,45.53662850849854,48.52627159623518,0.9146650182983118,0.950152979976774,-11.04841278640933,0.0011127157498226335,123.06325193444478,138.99369495714865,99284.60192343732,0.3370954981503428,1
1.3333333333333333,0.0011033671318173698,0.7428425836366637,126.69978708828953,138.11673982276037,145.14866678528347,45.01558116135112,46.20972543704342,50.026331732405446,0.9107443665637185,0.9450427626936664,-11.41695273447084,0.001471156175756493,120.08369330710374,141.25163833079998,104062.65644724076,0.33689869761252283,1
1.3333333333333333,0.0020547122884539406,0.810812751501526,122.18540235622324,136.00431671809645,143.27351996949062,48.57899208041605,48.83989371712949,52.864032525533936,0.8918361500071199,0.9426838462585313,-13.818914361873212,0.002739616384605254,110.60681511332346,150.28291832307949,125424.82348259349,0.3387715324621659,1
1.3333333333333333,0.010587922164002854,0.8815236928487018,98.06365465801528,113.92866608082427,120.3689652069603,54.18916769567918,50.13068418601225,52.67160117708872,0.8532567026319737,0.9386968562066199,-15.86501142280899,0.014117229552003806,64.7628897521583,156.99145305878017,143084.5142034262,0.3427856098119782,1
1.3333333333333333,0.09024906381582598,0.9899048615925226,110.7263181254967,126.07011929910996,133.30847341291906,51.32395333876118,47.954606573332335,49.82389520400559,0.8713796660948934,0.9386609503893247,-15.343801173613258,0.12033208508776796,13.300207329445849,149.1024551160991,122627.56686315549,0.34063346799106414,1
1.3333333333333333,0.07348248049154042,0.9611680498301577,106.64143869412514,124.04169852307308,132.40141722866056,53.52799214417666,49.672518854316685,51.60336835629678,0.852847009867251,0.9298379365074946,-17.400259828947938,0.09797664065538722,15.971414906250237,154.80387935479013,137206.65829136822,0.3416330907063399,1
1.3333333333333333,0.036096007154348686,0.9393956216920275,105.66514594723479,123.58341115582347,132.2518235561096,52.193808650852034,49.148346118235985,51.59730364220694,0.8481477988676475,0.9274425509365359,-17.91826520858868,0.04812800953913158,28.92513724385664,152.93945841129494,132359.43483336052,0.34186246479320087,1
1.3333333333333333,0.07902122619591434,0.9740741853158212,109.82392176218283,126.70412084062369,135.18885864239678,47.689531431648035,45.201115509361316,48.44173858236782,0.859987297506589,0.9303559931677082,-16.880199078440853,0.10536163492788578,14.977701277659182,141.33238552337718,104421.98143504484,0.34086187745615376,1
1.3333333333333333,0.1405755389497719,0.9902417691931527,110.1689472496225,127.0793041452596,135.7147142566143,45.37982016138566,43.86411380182968,47.997548011414125,0.8601619753077026,0.9295217770541584,-16.910356895637094,0.1874340519330292,8.854913239115808,137.24148197462947,95541.30780646738,0.3407290156095683,1
1.3333333333333333,0.0037011202532946322,0.851840676044151,118.67727715948003,131.94463741154922,137.94516653888584,48.31115880912379,49.398955078874025,52.492999359032254,0.892681942424631,0.9496166055882381,-13.267360252069196,0.004934827004392843,97.3156434425655,150.20311324703005,125275.63292553382,0.33956720428981907,1
1.3333333333333333,0.012515951612352893,0.9650347059320256,122.99630211236358,135.3376955437748,140.1882128338832,43.52756024937936,44.830871882601386,47.90897477362762,0.9021444995223085,0.9585622824124002,-12.34139343141122,0.01668793548313719,59.21727654636762,136.26740690560837,93488.54222370447,0.33959887800823957,1
1.3333333333333333,0.000585413195082874,0.6210393679877411,123.99434950282603,136.57063095624812,142.8496879886685,49.642790467962605,51.489609369700645,55.256245961017136,0.9013141005529023,0.9493981729526325,-12.576281453422098,0.0007805509267771653,125.95949810940701,156.3886457986804,141239.82110456788,0.33853660175953454,1
1.3333333333333333,0.0004845618911242229,0.636949158161624,132.16531160336402,142.9599984508293,149.0543097501434,47.835878261788295,49.999316867031474,54.12559868188695,0.918069693148171,0.9527217091523269,-10.794686847465272,0.0006460825214989639,127.17110616344166,151.96079381070672,129455.50873897255,0.33702703236136883,1
1.3333333333333333,0.009445059947182853,0.9502001587680446,117.05541302120889,129.94674012429545,137.74985445678595,54.53819628033253,53.3249566622607,55.41017481000023,0.8939162052457296,0.9365540643847503,-12.891327103086553,0.01259341326291047,68.56925805088623,163.27332775259345,161146.47206117905,0.33774155184816745,1
1.3333333333333333,0.0010220363035771938,0.7315587114188559,127.09338584261373,139.23073937355696,148.00644462193418,55.757669998678104,54.17931559286775,55.90013598670882,0.9063161644185089,0.9343940775636881,-12.13735353094323,0.0013627150714362584,120.96978240768459,165.83712157825468,168869.4139405326,0.33603781499385826,1
1.3333333333333333,0.002523293370648875,0.8515630237950084,118.41043859800706,132.71467027602233,137.9831795293243,50.06751227218664,49.27866072329067,51.4839980788172,0.8855456050826488,0.9548973532298607,-14.30423167801527,0.0033643911608651667,106.46826628355578,150.8301710742945,127024.40655252858,0.34107387128811023,1
1.3333333333333333,0.017072323522820575,0.9493717760887492,113.43909603896812,127.99391082283489,132.7448899574578,49.81869732045603,49.101207709486225,51.30334357091739,0.879414348439824,0.9570003823215063,-14.554814783866775,0.022763098030427434,49.25079046907082,150.22324860085965,125496.09481725229,0.34206700051195116,1
1.3333333333333333,0.2377730894203103,0.997772145134224,120.13330589448297,126.48005446466634,127.22100169826162,55.53234457034723,48.618186545508195,56.43324179679803,0.9423694271152068,0.9864222926779797,-6.346748570183365,0.31703078589374706,5.381267741596953,160.58377291265344,152363.08738745202,0.33833180494318066,1
1.3333333333333333,0.11668105201115112,0.993536857465788,121.26716647620255,127.43163583523508,127.7224272866707,55.907925044504125,48.96927153876389,57.15809096928412,0.944215696448624,0.9899722878239318,-6.1644693590325375,0.15557473601486815,10.52512046723425,162.03528755255212,156485.72744268365,0.3385346675884603,1
0.75,0.01012449174552143,0.9433306709232403,125.58904558866081,136.59633900880328,143.1148955083219,48.95351525081268,48.06334304042114,50.07090459342113,0.9127353714013113,0.9478294282280872,-11.007293420142474,0.007593368809141073,37.26802194479806,147.08776288465495,117810.3090888301,0.337025029869584,1
0.75,0.0015719945336486712,0.6802204515998331,134.97827329373197,144.88744739915876,151.13011596565954,45.64761096818421,43.92300300245062,44.80639088441031,0.9252219824260925,0.9523916187105538,-9.909174105426786,0.0011789959002365034,64.81164485682864,134.37700485504516,89835.92447814603,0.33616901852799935,1
0.75,0.0007127551250418867,0.6525038093793781,138.18226777834857,149.3106074195386,156.05585754118968,42.997622077543,43.240920074377435,44.80918678343429,0.9193114854007737,0.950684742085345,-11.128339641190024,0.000534566343781415,70.01000127845893,131.0477289353547,83311.78252503675,0.33662728895084554,1
0.75,0.07036045557134925,0.9932086690623616,119.20207637676016,132.45499308528792,139.9401081014558,42.54170790521362,40.914283331905075,42.28319089529892,0.8932005736239553,0.9397963068819285,-13.252916708527763,0.05277034167851194,9.332948583574183,125.73918213241762,73596.57834084015,0.33824297179416773,1
0.75,0.06238468239180374,0.9917309609672291,118.24438378884915,131.5752806009612,139.3715233957001,43.003210957243375,41.47271691824273,42.7254942702997,0.8919037037134647,0.9373359882264528,-13.330896812112059,0.04678851179385281,10.361308155507277,127.20142214578581,76199.20978081442,0.33807363766282,1
0.75,0.007803736221730532,0.9333672555721606,113.39070516555032,126.28903615629788,134.18561624351415,52.23102934138661,50.53826800786605,52.53446385777109,0.8908128193092621,0.9341898913920652,-12.898330990747567,0.005852802166297899,42.125989211443155,155.30376120702374,138673.42542232753,0.33779282728600746,1
0.75,0.13678028517781454,0.9958766877243868,114.20915413205864,125.42731474622974,131.45538395570173,56.99768194598008,53.96441607033934,56.62873159050837,0.903358220977042,0.9469401016434148,-11.218160614171097,0.1025852138833609,5.109678040831062,167.59082960682778,174181.29286015517,0.33799533400788595,1
0.75,0.11456061702339544,0.9955823029346804,120.52934661215984,130.19357446076754,135.26063238102262,57.02049233787786,53.45449625042063,56.06317659442364,0.9187137945403206,0.9554746091058062,-9.664227848607695,0.08592046276754658,6.021164778423763,166.53816518272214,170880.65722366123,0.33730342470744773,1
0.75,0.11907532080991405,0.995205604149229,121.82205091485245,131.2450589073816,135.63718521001235,56.35958636205895,52.86028565166784,55.45310520070598,0.9211841404235076,0.960536904398733,-9.42300799252915,0.08930649060743553,5.810560805070599,164.67297721443276,165204.9945761396,0.3376475654751736,1
0.75,0.10141266654885253,0.9952346567493758,118.35730390812381,128.8743758943658,133.17642354792955,52.58950712433366,50.63357623229867,53.81318858782954,0.9113214449968985,0.9604845060453577,-10.517071986242001,0.0760594999116394,6.731730091669047,157.03627194446187,143293.47971167343,0.33877926037671985,1
0.75,0.009971851448275738,0.9480480137808261,119.21549366548425,131.79893672274932,137.20547532975996,48.99916778273888,48.52455519174772,50.60130076546578,0.8977142182574558,0.9536448278063907,-12.583443057265072,0.007478888586206803,37.55285292114222,148.12502373995238,120312.83154570228,0.33949556625385735,1
0.75,0.11967242259516925,0.9830952040856649,116.53360882011224,129.73965599001164,134.71476880586602,41.84584845379679,41.25345439555385,43.791900984568144,0.8913409473022881,0.9559730096552608,-13.206047169899406,0.08975431694637694,5.78380495243358,126.89120383391878,75597.33686109928,0.34053472692735653,1
0.75,0.0231477388647129,0.9834625598026148,113.66146276892255,127.00361902479852,134.1228971667141,46.365070703373824,44.706487413363995,45.50583642502888,0.8879550721679406,0.939911900113435,-13.342156255875977,0.017360804148534675,22.625977689187273,136.5773945417667,94325.38282213245,0.33886790973678954,1
0.75,0.05859161082877291,0.9917622281464714,113.19822753192881,126.63666535427184,133.82379501466718,46.580473807157134,44.77975262301564,45.47126893920549,0.8868786035559038,0.939275335933804,-13.438437822343033,0.04394370812157968,10.934281772041267,136.83149536937827,94846.79625306878,0.3389099984953882,1
0.75,0.03223110837150261,0.9532189482522124,116.90979250835083,134.1051442952539,141.5079810793519,49.98680806775779,45.49789470160634,47.4580224795623,0.8653245079466434,0.9410360267512378,-17.19535178690306,0.024173331278626954,17.759420221755228,142.94272524892642,107933.52092686016,0.3416492087100037,1
0.75,0.05941877787919044,0.9677935813248046,106.99781493127193,124.05427031256123,133.02831626307457,43.634636019221155,42.741186530051536,46.975454106096755,0.8556110452193363,0.92558254681842,-17.056455381289297,0.04456408340939283,10.803993140087046,133.35127665536945,87609.0395147921,0.3407331726703986,1
0.75,0.0006275029509006198,0.7206119467025974,125.53883607085784,138.22053642949854,145.12620370390644,51.39264995310644,50.82308240197352,53.60379138527025,0.9017264211909632,0.945898359951737,-12.681700358640697,0.00047062721317546485,70.57161060928634,155.8195237403502,140009.50539530758,0.33804209410519553,1
0.75,0.0021376684972061713,0.810731449998406,115.59607943077576,127.36907764323469,132.84703270587076,46.32071694903141,47.46604975169045,50.39408628099089,0.9004978578411397,0.9516018029561298,-11.77299821245893,0.0016032513729046286,61.79110923754705,144.18085298171275,110799.53507788705,0.33891683427787866,1
0.75,0.0014693300534365538,0.777059126536133,118.2977766868791,129.86563931956562,135.31204211017155,46.89785613531902,48.11625794716418,50.88573100484246,0.9039636172028581,0.9527084864197416,-11.567862632686513,0.0011019975400774155,65.39178805611908,145.89984508732564,114826.16286583102,0.33865436906283847,1
0.75,0.000877105161858382,0.6147410113485863,128.05960518380735,137.75958219565305,143.68365199334727,45.335906942675784,47.95298493916815,51.84459710470471,0.9228883739592226,0.9521433852249417,-9.699977011845704,0.0006578288713937865,68.95216961126268,145.13348898654866,112709.74260602226,0.3364069035678602,1
0.75,0.0021692313849822477,0.8041260269059989,126.82520340682505,135.78957816081424,140.78774026994046,47.7445076661396,49.703390691142644,52.5868383791123,0.9271554537416969,0.9576961865835036,-8.96437475398919,0.0016269235387366856,61.630843910615155,150.03473673639454,124791.9287131947,0.3366106328296248,1
0.75,0.001300744194628874,0.7602836616946419,131.31256913134564,140.80624772223894,146.9439715763102,45.79105237447707,44.92956011736905,47.015737389478964,0.9259998853404002,0.9517538715635359,-9.493678590893296,0.0009755581459716554,66.36731060211656,137.73634988132508,96728.85416530007,0.3360027461512357,1
0.75,0.0010187284734751738,0.6725098143404773,135.3945878666816,144.36100762919315,150.35346426251715,43.98621547821077,43.313885531561304,45.69948520497598,0.9314367730035604,0.9538004850606139,-8.96641976251155,0.0007640463551063803,68.06592991246103,132.99958621474806,87067.29453543783,0.3356381465442417,1
1.3333333333333333,0.0007059034358013345,0.684070798239428,125.9898747577309,138.7937764990095,144.7594657597326,46.795839235119914,47.584594312068944,51.21049673657859,0.9012552483595261,0.9522110675665812,-12.803901741278608,0.0009412045810684459,124.54187928452332,145.59093028376745,114033.53822930228,0.33889905783333385,1
1.3333333333333333,0.04808946914307082,0.9887329530902296,115.16281912563367,133.8576301448801,143.66535798337256,47.531840578158416,45.29554811982197,47.025101583919295,0.8539584968378289,0.9252915280537675,-18.694811019246416,0.0641192921907611,22.953098952400726,139.8524902818997,101244.1395177173,0.34087717883405966,1
1.3333333333333333,0.0024519301159014978,0.7435447833148936,133.26246977323245,141.84747272669682,144.8824746041959,43.06069147490462,40.758418019944955,42.97131175409585,0.9329004372950799,0.9723407360037817,-8.585002953464368,0.0032692401545353304,107.07844654786695,126.79042124894544,75418.33319547445,0.3377381756193226,1
1.3333333333333333,0.0012621140478179405,0.8221833223874548,114.92385846239537,127.77215090022884,136.19030997148235,50.481522785886874,50.89633613397396,54.22784466029643,0.8924589490738338,0.9313496771513144,-12.848292437833464,0.0016828187304239206,118.39103454929668,155.60570358015727,139328.9327021318,0.33723083780060636,1
1.3333333333333333,0.0011418892968049791,0.669988193140122,121.03355088129656,134.299852597678,141.0730078647936,50.76390948637177,51.592769114668805,54.7463705535425,0.8945578916571097,0.9452875997774817,-13.266301716381449,0.0015225190624066388,119.66851382338511,157.1030491545831,143383.51801234038,0.3387933412641292,1
1.3333333333333333,0.000787975831650811,0.6928188813569225,127.09248932421444,138.75009957399195,144.74680703275553,48.04223064636003,48.50295848185074,51.32237213089166,0.9094268248225769,0.9519940944079062,-11.657610249777505,0.0010506344422010813,123.59439380847243,147.86756125910244,119590.89465754163,0.3379290866959504,1
1.3333333333333333,0.0008610671599776172,0.6961672657151863,129.36429973895142,140.41036299270067,146.78318639577475,44.872091484192154,45.45391383093616,48.44184402478216,0.9148148480859847,0.9501105397515988,-11.046063253749253,0.0011480895466368228,122.76264511525966,138.76784933991047,98802.57508183442,0.33707290184741795,1
1.3333333333333333,0.0019078678424872188,0.7230419148281148,126.71835108393991,137.95246231469227,145.07616938716487,45.329032109008565,46.488855805744244,50.382847059182645,0.9119546999962823,0.944387184394593,-11.234111230752362,0.002543823789982958,111.97078695952652,142.20073497393545,106171.5135078615,0.3366771888758715,1
1.3333333333333333,0.0020285075528133924,0.8159163211691027,121.8463795089879,135.64294943237928,142.8895271033136,48.69435463842723,48.966798360347724,52.98903110619761,0.8917136230968595,0.9426881313953223,-13.796569923391388,0.0027046767370845232,110.84777787095248,150.65018410497257,126347.39787468856,0.3387864953019448,1
1.3333333333333333,0.013264760279315169,0.8850237646034396,98.17919914688902,114.02722520493093,120.4786921761104,54.13259988858065,50.10136628766995,52.636487520485936,0.853530100999779,0.9386602964050937,-15.84802605804191,0.01768634703908689,57.31128613944101,156.87045369673652,142756.32394784637,0.34274820104661297,1
1.3333333333333333,0.05360366508566881,0.9800820923433206,110.40543971380677,125.83660208716549,133.04352190561048,51.228898843085126,47.92530047097172,49.80430205452268,0.870454095245576,0.9387742152565638,-15.431162373358717,0.0714715534475584,20.963152540619237,148.95850136857953,122277.54865239616,0.34075689508174073,1
1.3333333333333333,0.07639737623611301,0.9614968365002524,106.6303673071101,124.04279471093302,132.40575288836052,53.496994879657784,49.67281473878029,51.60559472538606,0.8527509925990718,0.9298159339105652,-17.412427403822917,0.10186316831481734,15.432567416046332,154.77540434382414,137133.9370150101,0.34164141628248895,1
1.3333333333333333,0.042763293779254884,0.9403291330042922,105.65195451602636,123.56904435675757,132.24847960801267,52.152063811953674,49.12933658669863,51.57993355573481,0.8481397209201196,0.9273580060370682,-17.917089840731208,0.05701772503900651,25.27009285871316,152.8613339543871,132157.91474097202,0.3418519452212126,1
1.3333333333333333,0.07832612965113402,0.97411361686794,109.8212690074573,126.70891314250571,135.18546093946074,47.6603483992769,45.198492843275524,48.43450484213081,0.8599342544314958,0.9304143942269455,-16.887644135048404,0.10443483953484535,15.095570683326264,141.29334608468324,104336.44383588909,0.34087592356726104,1
1.3333333333333333,0.141450764043188,0.9904134046157168,110.16924734233248,127.08563823413162,135.71100178689537,45.35069575098668,43.860184388650616,47.98703550648345,0.8601217814986467,0.9295933507402153,-16.91639089179914,0.18860101872425064,8.803741214227994,137.19791564612075,95450.52659118529,0.34074332945715036,1
1.3333333333333333,0.004045538918844533,0.8513851242908549,118.66924924862863,131.9517040333516,137.968110202921,48.3677725796556,49.43362028520277,52.5232918485697,0.8925741126180666,0.9495106743602971,-13.282454784722972,0.00539405189179271,94.92931108143061,150.32468471342807,125582.88111914166,0.33956618040146835,1
1.3333333333333333,0.011365559804393277,0.9632233128294649,122.99900638131915,135.35257148887888,140.21801565051229,43.556278768856096,44.83301917502776,47.91562329055135,0.9020659092692735,0.9584653265759713,-12.353565107559731,0.015154079739191036,62.40572891795551,136.3049212344352,93567.68768000361,0.3395958289072188,1
1.3333333333333333,0.000569155583378695,0.6299752012869497,124.1725671504852,136.57771564939793,142.77686649833248,49.48421503479699,51.28711047299241,55.036222616705246,0.9025630827228276,0.9499283088839744,-12.405148498912737,0.0007588741111715933,126.15325063718099,155.80754812449464,139676.56163972692,0.33845979356512623,1
1.3333333333333333,0.0004903407609699554,0.6347829736990338,132.03679680418855,142.83032068778894,148.92427146782038,47.917948485146155,50.05852346755428,54.20694628016645,0.9180039102519942,0.9526831065405306,-10.793523883600386,0.0006537876812932738,127.1010507393709,152.18341823286687,130026.29683721506,0.3370297849570942,1
1.3333333333333333,0.0010494866072256258,0.761707665192056,124.18896720078699,136.49868515168424,144.7948577721738,54.35474821516211,52.956822153347105,55.185592998648985,0.9032011256237513,0.9362379938322913,-12.309717950897252,0.0013993154763008342,120.66925647580968,162.4971633671582,158849.231438753,0.3366327319758493,1
1.3333333333333333,0.005667156501181658,0.8865521040910778,121.48575145347566,133.9622199825477,142.1318753573602,55.12170032744553,53.8903359340508,55.71902394624138,0.9001463629539087,0.9359356163543695,-12.47646852907205,0.007556208668242211,85.10372212294997,164.7310602077377,165514.8621431134,0.33694419136935255,1
1.3333333333333333,0.0022878963588718244,0.8492924128243031,118.4611546795473,132.75463375371703,138.02038053644512,50.0821948945599,49.28853529142049,51.4980972748731,0.8856601925109401,0.9549292933989237,-14.293479074169724,0.003050528478495766,108.50785963625667,150.86882746085348,127121.92173724029,0.3410644856183652,1
1.3333333333333333,0.01501375377767453,0.9476071671860048,113.50361469090456,128.05689618828612,132.8190144519471,49.81979250894959,49.09521542797392,51.29516780964378,0.879485080172002,0.9569409602420132,-14.553281497381562,0.020018338370232706,53.30400807428473,150.21017574656727,125463.5406503721,0.3420510138074995,1
1.3333333333333333,0.22855248290353816,0.9978734522961439,120.12793154514328,126.47152735585722,127.21846457202363,55.54818365172877,48.62759552902809,56.42855802413225,0.9423903050113057,0.986375307004358,-6.343595810713936,0.3047366438713842,5.589266215571037,160.6043372048891,152423.38804375968,0.3383238721697725,1
1.3333333333333333,0.12246533184789415,0.9937992549143411,121.26344397362261,127.42997591424991,127.73664616444779,55.92696695254061,48.97022022031448,57.147038366656666,0.944198915482066,0.9898500521092592,-6.166531940627294,0.16328710913052552,10.065526690895688,162.04422553951176,156511.78780388043,0.3385223110646489,1
0.75,0.0025472012993682414,0.8393413723182606,126.30612268024382,137.23779742972062,143.82368962009113,49.869070787142746,48.98826427617988,51.178509806157464,0.9136873201734655,0.9476198113011054,-10.931674749476798,0.0019104009745261811,59.774286082248715,150.03584486948012,125029.05948234528,0.33688932097635843,1
0.75,0.0017049143768634765,0.6773990651178373,135.16016461724615,145.0355356527953,151.2499947734348,45.65430702632983,43.816534088436626,44.73359007901778,0.9255292830821279,0.9526143883855271,-9.875371035549136,0.0012786857826476074,64.07565026554042,134.20443119378425,89485.67750214675,0.33616174021201034,1
0.75,0.0013568507364932463,0.7198739802811687,135.42236626946863,146.97812824927055,153.6380882641295,43.61737933198393,43.6526398457975,45.13672703517899,0.9151512312775599,0.9504652437129503,-11.555761979801929,0.0010176380523699347,66.039434470157,132.40674621296043,85940.94894996198,0.33707597000071055,1
0.75,0.08136529628012774,0.9940549542519769,119.20746439250377,132.4622622481866,139.94927181031008,42.539506437375806,40.899105648066424,42.27261873055374,0.8931922955930824,0.9397867796468978,-13.254797855682824,0.06102397221009581,8.208806084319868,125.71123081599598,73547.07589344504,0.33824268682603337,1
0.75,0.051277205446888956,0.9904445765209583,118.23013797452465,131.56326218037356,139.36091641334042,43.03584561913325,41.489366845514866,42.749167067680425,0.8918771010150128,0.9373211969701083,-13.333124205848904,0.038457904085166715,12.239461550674836,127.27437953232854,76329.91969293098,0.3380747857060036,1
0.75,0.007082750703169733,0.9329605497848177,113.4456778488188,126.3341066110035,134.22775685665295,52.20620856676173,50.5119306561637,52.510615568822,0.8909292323021291,0.9342320655730681,-12.888428762184702,0.0053120630273773,43.9039363760566,155.22875479174743,138472.40395588984,0.3377849178289775,1
0.75,0.14151671653986475,0.995968516573466,114.2047168194124,125.42416653972487,131.45173714384185,56.99955930097438,53.964163436603485,56.62720723746166,0.9033456177346213,0.9469424051684193,-11.219449720312468,0.10613753740489856,4.9499488711707365,167.59092997503953,174181.5256746339,0.3379970809839635,1
0.75,0.11939670287995584,0.9956578843546009,120.5242373581725,130.19021357263742,135.25606853816421,57.02359813726978,53.455449797818034,56.062472755225855,0.9186983851614863,0.9554819463778393,-9.66597621446492,0.08954752715996687,5.7961291385901195,166.54152069031366,170890.86773334292,0.33730610760572,1
0.75,0.09492027232079216,0.9943774614941725,121.84084294653867,131.26987199048173,135.66824406547136,56.384557063445904,52.87445310591168,55.46441561650857,0.9211534048759529,0.9605001724292037,-9.42902904394306,0.07119020424059412,7.148284915872943,164.72342578586614,165356.20750268147,0.3376465442658907,1
0.75,0.09740748212063984,0.9950197672247719,118.35507933864723,128.87787553903618,133.18331183035858,52.60573395791271,50.643173537495116,53.82156309496021,0.9112797606785179,0.9604612807736495,-10.522796200388953,0.07305561159047988,6.982753763444541,157.07047059036802,143387.17338858268,0.33878119002189266,1
0.75,0.02170849660999372,0.963055296463116,118.78667489929528,131.41097700051856,136.77320795905342,49.00795127269993,48.52099580449858,50.5949116599159,0.8971059468795406,0.9538209855690829,-12.624302101223279,0.01628137245749529,23.652966245129985,148.1238587371144,120310.37902517503,0.33958881825997356,1
0.75,0.1212374595742952,0.9834839214901635,116.5512595950535,129.7581095640353,134.7372075398361,41.86296161328888,41.27248521082911,43.81068966993811,0.8913501425162134,0.9559509283845694,-13.2068499689818,0.0909280946807214,5.714831744174501,126.9461364940561,75695.6042144933,0.3405308366450977,1
0.75,0.02590144835364587,0.9844610241518079,113.62315479535411,126.96773265190082,134.090112107176,46.38337352430191,44.70914465553132,45.50493308404186,0.8879047275490378,0.9398743599470022,-13.344577856546707,0.019426086265234403,20.89052209292932,136.5974512638751,94366.35355826595,0.33886888527277953,1
0.75,0.003935020224630606,0.8698567099963916,116.86790047408367,130.2184836814498,137.40968165993146,46.07045921192358,44.0388866188159,44.7710805241605,0.8906359622154751,0.9408191834541807,-13.350583207366142,0.002951265168472954,53.82123512632945,134.88042635489998,90835.67500568037,0.3386731237555676,1
0.75,0.03156514190983926,0.9531565353753462,116.89832361963111,134.10508059657238,141.49970583300748,49.94238103474035,45.492754964903796,47.44737224576614,0.8652400272695357,0.9410902276088022,-17.206756976941264,0.023673856432379445,18.043965821814282,142.8825082454103,107801.21275579838,0.341666287891983,1
0.75,0.06209875182325038,0.9677917759241784,106.98712602264673,124.05118341697782,133.01402466388018,43.59842288488778,42.73092693120647,46.95985864955748,0.8555466897574471,0.9256582191909384,-17.064057394331087,0.04657406386743779,10.402399223756609,133.28920846565174,87486.2646857457,0.340750962969265,1
0.75,0.0006942648782833897,0.7228683826314704,125.42281763907708,138.0891868392208,144.93820204227163,51.29652657332149,50.721767318443455,53.48739338870854,0.9017438414106105,0.9462168569078483,-12.666369200143706,0.0005206986587125423,70.13104767238453,155.5056872804735,139166.2004349514,0.3380808349089833,1
0.75,0.0023178628401029112,0.8132887083732075,115.61155681380649,127.39350020010664,132.88356599853222,46.32746847602209,47.45438224688671,50.3806949966702,0.9004471147964737,0.9515245523226,-11.781943386300156,0.0017383971300771834,60.88718552363212,144.162545719579,110759.00552012314,0.33891289174742795,1
0.75,0.001669453040757827,0.8011208699893063,116.91688785105957,128.44718462925553,133.75587580414506,47.22417618907294,48.424955222312484,51.23413000679106,0.9032014731406984,0.9531842961411299,-11.53029677819596,0.0012520897805683702,64.27036446185434,146.8832614181765,117163.6746854031,0.3388035507244779,1
0.75,0.0008130476133728411,0.6158286278499846,127.99262458089188,137.71758177578417,143.63658000372254,45.354603236855425,47.937296275568094,51.818262279801324,0.9226849469432971,0.9521628745109965,-9.724957194892283,0.0006097857100296309,69.36064898784419,145.11016179222486,112662.07676606199,0.3364325465951853,1
0.75,0.0006312698451038024,0.645883605386616,131.17671994713749,140.2441544735593,145.63549736732378,47.058482970099035,49.08031342665836,52.328542052715825,0.9287231775081608,0.956413399152907,-9.067434526421806,0.00047345238382785185,70.54660552571808,148.4673384494732,120860.36040496909,0.3362714586335152,1
0.75,0.0011373989685757398,0.7558405076502294,131.30607061657076,140.839342866891,146.99683037363525,45.960400288755835,45.0529695929984,47.11962770611279,0.9257380072593457,0.9516375621783633,-9.533272250320238,0.0008530492264318048,67.3406782064763,138.13299758786704,97568.37569522198,0.3360180104272882,1
0.75,0.0008174445400029436,0.6820894872612671,135.15659464970742,144.19318743273146,150.20398241537012,44.00899021982765,43.34446866906636,45.695318496,0.9308742168934473,0.9536335295496423,-9.036592783024048,0.0006130834050022077,69.332456221661,133.048777384894,87165.93562112088,0.33568134969392627,1
1.3333333333333333,0.3586502786276902,0.9988346599004917,134.32550578903664,141.09430077377337,151.01238111304988,56.34579505356216,45.88753538646644,51.804678838924836,0.945326484296472,0.9281763744549408,-6.768794984736729,0.47820037150358696,3.6167973025727784,154.03800927895344,133944.6060798527,0.3308716012803005,0
1.3333333333333333,0.5245818050651097,0.9993933879284198,136.00202830851723,149.67507216381657,157.33212087235157,55.51062618630394,46.27760763438032,37.07616940373926,0.902617973599863,0.9453234841999346,-13.67304385529934,0.6994424067534795,2.494161456114166,138.8644032244235,95244.93369641066,0.3378599472704005,0
1.3333333333333333,0.6243052631345507,0.9997782238921924,153.1850474959163,158.03152594202086,154.61862043683232,55.44006332119521,45.65127675599212,39.39488461749923,0.9632369845445862,1.015505249297387,-4.846478446104555,0.8324070175127343,2.102037316771409,140.48622469468657,99704.8945863394,0.33924342346813857,0
1.3333333333333333,0.3095651772794278,0.998189929469043,130.44759596870963,139.6332377413839,155.7222141540047,58.73809670655961,48.9739354091527,47.783360027156974,0.9275730123528475,0.890960088173409,-9.185641772674273,0.4127535697059037,4.172336124619319,155.49539214286926,137455.32190819224,0.3279291645323076,0
1.3333333333333333,0.4920198129560743,0.9993706564400459,129.39402568929478,139.89449428247394,156.44203349335498,57.178338369288454,49.47537839047966,44.93616477161172,0.9183753158578197,0.8885460329650681,-10.500468593179164,0.6560264172747656,2.6559376720257,151.58988153137983,127120.81194557018,0.32859867149265864,0
1.3333333333333333,0.5327353816126216,0.9994751640712365,141.7573348868408,149.28865519724144,159.0666547418559,54.736847821586046,43.8745091295655,39.01642785740622,0.9432337703787156,0.9326655538469493,-7.531320310400645,0.710313842150162,2.4566913794557115,137.62778480855778,93699.99320862291,0.3316695429762309,0
1.3333333333333333,0.5566379818637488,0.9995412250395196,141.81606879222247,150.9400600026813,162.77028922093166,50.78613682134656,40.7622717893323,35.46864117261298,0.933368519070743,0.9216571621184478,-9.123991210458826,0.7421839758183317,2.353060288948192,127.01704978329184,73425.70234741166,0.3313530325203536,0
1.3333333333333333,0.5426585646185907,0.9994461957211696,130.7835892245869,137.28058391026954,139.5926369717171,48.261735966745526,43.727460505170484,54.937999010935,0.9457841840576299,0.9764422011508764,-6.496994685682637,0.7235447528247876,2.4125806034572426,146.927195482851,115939.12883402877,0.3367552816654292,0
1.3333333333333333,0.2761459500286953,0.997983294042786,134.9586032938136,143.94944550478832,141.55927283852517,44.37814776458557,43.726530484020984,50.16357791190555,0.9310736086213958,1.0097515415067932,-8.990842210974705,0.3681946000382604,4.6596267855603895,138.2682561605121,97342.54488834615,0.3423558457392319,0
1.3333333333333333,0.49230816227763236,0.999313006961513,127.77040832236698,131.4305794039668,128.20032908892705,47.07181050809106,44.23326435026969,51.99072018164788,0.9648104606762732,1.0172619553740043,-3.660171081599813,0.6564108830368431,2.65441303459525,143.29579504000864,108251.94967833303,0.33926208739925834,0
1.3333333333333333,0.45338073012022256,0.9992120280528517,157.26491198942819,170.3517747417837,178.20492254188255,38.2234380299037,31.48285534395484,34.80625912067447,0.9177898053662793,0.9505976304974002,-13.0868627523555,0.6045076401602967,2.877403497092778,104.512552494533,41885.25948372235,0.33678231933703395,0
1.3333333333333333,0.4758763945100281,0.9991908431751024,134.65052624034422,131.56153022643306,125.38542056182557,54.324154753389664,44.74413521827151,58.11194654034766,1.0157586896465578,1.040954958583023,3.0889960139111565,0.6345018593467041,2.7441821590816433,157.18023651200883,141251.97193923235,0.33596112831141556,0
1.3333333333333333,0.4614302298338618,0.99915130120002,127.43263286457679,136.9520540699055,136.22560326471947,50.148239481925934,44.66014328504942,56.21937450699042,0.9237458167893743,0.9980065732027699,-9.519421205328712,0.615240306445149,2.8282728789013327,151.0277572739658,125910.46059430692,0.3418585528639484,0
1.3333333333333333,0.5176829021616502,0.9993225673376683,140.71633551683593,132.4647920160666,117.3388901959687,55.64510751609802,42.473395014583495,63.799053887805904,1.0543330071641392,1.1193682127380566,8.251543500769316,0.690243869548867,2.5267700125801693,161.91755641848744,150785.0210556031,0.3392010294028865,0
1.3333333333333333,0.673532524790996,0.9998195427711124,133.2697274315191,137.4412593867008,130.1631270918236,52.586788874363606,43.27234967087264,54.83939502934758,0.9626445759155056,1.0478650702684302,-4.171531955181706,0.8980433663879946,1.950650898054964,150.69853357458382,124790.00012325424,0.34285391502615886,0
1.3333333333333333,0.36729402197893085,0.9986112835580486,131.51172586331182,132.97857021037456,123.84704478519834,49.23467597095822,42.600634117660704,54.998879171994034,0.9815877692739274,1.065131901513301,-1.4668443470627324,0.48972536263857447,3.5339370773486314,146.83418926061296,115356.21207521026,0.3424305525609929,0
1.3333333333333333,0.6174046523165493,0.9997057617801253,152.0736045664558,164.55220258643322,173.81295562833068,36.41651883014914,30.912918885553403,37.23230655943393,0.9185840006390711,0.941304390140781,-12.478598019977426,0.8232062030887324,2.1251569117479483,104.56174427513648,41913.930023148285,0.33552038516139576,0
1.3333333333333333,0.49551700581747526,0.9993653223245944,151.0876103401791,167.21169674007197,176.26509116224932,36.33495723731168,30.093093974155483,33.66491804704751,0.8981991934463764,0.9432861013058935,-16.12408639989286,0.660689341089967,2.6375637574787225,100.09296925851467,36810.27452181471,0.33809893581964395,0
1.3333333333333333,0.5356673423283655,0.9994571101420163,151.4435898973868,162.39134764334747,166.84850322341686,38.69316050318001,35.02266148194988,37.009335425602266,0.9268764355133395,0.9674876124882354,-10.947757745960672,0.7142231231044873,2.4434911710933487,110.72515741073215,50152.73687783327,0.3378342873330336,0
1.3333333333333333,0.41163594785341934,0.998980445378945,135.207183904555,148.40499750952765,141.99789705303408,46.984188943464815,46.28042160784638,50.55914379576995,0.90497095919387,1.0378124473710841,-13.197813604972652,0.5488479304712257,3.162285711456612,143.82375434708115,109938.2328096705,0.3486876956580191,0
1.3333333333333333,0.28966000464801456,0.9981483644001792,131.51249012433036,139.35974060154143,141.39091214962423,48.334404443065196,41.667175618841966,55.0654518075613,0.9369673209761267,0.9787123243869831,-7.847250477211077,0.38621333953068604,4.449487127584771,145.06703186946845,110899.51370907282,0.3380358953010463,0
1.3333333333333333,0.4625332915711118,0.9991680421162061,132.47425417337408,139.54306726396158,141.51506368951564,42.72445723296679,39.10478447816958,48.478720665416496,0.9425883236528984,0.9791460892019886,-7.068813090587497,0.616711055428149,2.821670678271521,130.30796237655287,80994.88652663918,0.33744169086335685,0
0.5493551587301587,0.0006185795695870175,0.6419641915109381,141.59325887668382,149.597123122716,155.4197412055747,46.82838898730454,47.55333801625265,49.89028893406567,0.9402122427086786,0.9563826277279665,-8.00386424603218,0.00033981987763770925,51.735277315582096,144.27201593762285,111098.0008420923,0.3349613350659708,0
0.75,0.00031842078990851466,0.5984036316151735,136.0358544900844,145.8432903089872,150.25988771971166,52.822352727091875,55.82379172720849,59.21576624496258,0.926401568664378,0.9641901267257216,-9.807435818902803,0.00023881559243138598,72.6855412539005,167.86191069926292,174612.1364374633,0.3374915925990741,0
0.75,0.002190324070044183,0.7654453797473144,122.05063957175565,128.7581989874343,130.69836194386818,54.14051625411643,53.667914144694855,56.35834654548029,0.9406005980676023,0.9776750225816246,-6.707559415678645,0.0016427430525331375,61.52420523774325,164.16677694429157,163755.29516869228,0.33749873873324754,0
0.75,0.004105871743397474,0.8262813676200373,124.17948509091117,133.73617733841397,139.52489853075465,51.08507205998037,51.96235323911542,58.06804742080031,0.9216491631569168,0.9516902608482941,-9.556692247502795,0.0030794038075481057,53.169347747050935,161.1154727198961,154141.6643749248,0.33649353003969534,0
1.3333333333333333,0.1607119333261551,0.9968526410262397,99.70446909940857,111.40186610257643,124.29028297018996,64.34312640616315,62.82711109490146,58.06288091992997,0.8870357099624984,0.8891500877931773,-11.697397003167865,0.2142825777682068,7.810428406231696,185.23311842099457,234718.77521595903,0.3321496403562083,0
1.3333333333333333,0.18027475066085566,0.9969976711240472,113.405276539288,123.17048918889274,129.50525973313742,65.45038298105563,60.54456756869414,56.320184613830506,0.9133029698125107,0.9437971269568513,-9.765212649604749,0.2403663342144742,7.007410750519688,182.3151351635803,223178.0319543556,0.3364569060460838,0
0.75,0.013255375784165612,0.9749127113038031,159.99038536195084,154.97571597057217,141.2138761426543,37.968697509994854,33.07327963765233,50.8878575148651,1.0257390669207513,1.0897369523570013,5.014669391378675,0.009941531838124209,32.2506076427571,121.92983466251226,63902.394008659336,0.3397249410820646,0
0.75,0.3736490939124517,0.9986218697256369,135.36046646444154,133.3515051025142,126.42039302686224,54.93681814033897,41.55007929060768,67.2900567320345,1.0075098627377301,1.046547588927948,2.0089613619273337,0.2802368204343388,1.9549114331315198,163.77695416298116,153598.2449818302,0.33748565557163307,0
0.75,0.0005155813474780541,0.783909118475307,170.940239414937,181.6212373594039,187.98642604184909,33.6571616597491,33.56258721988545,34.807355181500746,0.9360370233310907,0.9610279487437142,-10.680997944466895,0.0003866860106085406,71.32273292525781,102.0271040611353,39319.13411811218,0.33599471279636633,0
0.75,0.010290380968580417,0.95867662176878,167.72369519440153,177.77077348359273,172.01196302017314,32.466686872211255,34.89598028407284,35.093915567449535,0.9382053449010496,1.0275056729046228,-10.047078289191205,0.0077177857264353125,36.963327655669566,102.45658272373362,39759.892561235385,0.34351413353501364,0
0.75,0.005689326847451146,0.9511626452737277,160.0498953674977,171.7465161738031,177.84303778100016,30.932933434093517,32.32394776248806,34.56515144618952,0.9265014363963722,0.9603198329929565,-11.69662080630539,0.00426699513558836,47.803198141789196,97.82203264277109,34560.81436529039,0.3369961183385333,0
0.75,0.0034767051584706065,0.8753568247517927,155.08832069478586,161.3710480277206,164.5079051537815,34.30501185465269,35.4071400241801,37.84133730946957,0.9551476237827116,0.9750050783241009,-6.282727332934741,0.002607528868852955,55.65158480361925,107.55348918830236,45963.691189621,0.33551357190515974,0
1.3333333333333333,0.5865788817125874,0.999599202771311,116.0253548624017,124.0344067128582,145.18277723209786,63.816472269476336,54.9966482412293,54.12571780126893,0.927947417936362,0.848488509121193,-8.009051850456501,0.7821051756167832,2.234965692224571,172.93883831197456,189964.6029507317,0.3219644619123491,0
1.3333333333333333,0.6269733786697029,0.9997356740635529,116.64320447903528,128.98547873791287,150.80899802093907,61.01729041733166,52.84966854136409,52.0813849652098,0.8973556555053402,0.8496563472484144,-12.342274258877595,0.8359645048929372,2.093232430086724,165.94834392390555,167949.1114836709,0.3253612984899727,0
1.3333333333333333,0.6869118866388418,0.9998482649312355,120.36512928005165,131.97809831478554,149.41994542296382,63.11473903788031,56.48825681143181,51.75867517542541,0.9051500270001117,0.8773975947383713,-11.612969034733894,0.9158825155184558,1.9132021693070962,171.36167102473752,184532.18124199548,0.32849725205883407,0
1.3333333333333333,0.5083532301761412,0.9994243258478187,135.60251491180594,142.6457103264564,142.7594182418166,54.28432401596229,46.305010112269095,42.72029413450465,0.9440067134871547,0.9922529742469683,-7.043195414650455,0.6778043069015216,2.572248528055385,143.30962826273603,107383.27663619487,0.3388197638107871,0
1.3333333333333333,0.5066254288818778,0.9994346229147386,124.12490467355975,140.48600910637256,148.8079116637551,55.934343878866564,50.19258862603875,47.44149667517413,0.8772945498818875,0.9377742974062303,-16.36110443281281,0.6755005718425037,2.5808511520988047,153.56842918007945,133191.5043671306,0.33981521996634,0
1.3333333333333333,0.46533422500056826,0.9992516236021642,124.52775985759122,138.67135254127487,156.01388175478078,53.94089605027279,48.83205517248742,49.60582804448759,0.8915769597118457,0.8831789329165641,-14.14359268368365,0.620445633334091,2.805043826439679,152.3787792672478,130663.97400457089,0.3307897285513294,0
1.3333333333333333,0.5002813071184735,0.999365978518932,133.72809729676857,143.2602904047035,153.17573663023668,53.07681434345329,46.77358462868737,43.16977344509716,0.926991737792928,0.9292012708088306,-9.532193107934944,0.6670417428246314,2.6129378339617864,143.0201724172378,107172.97164702111,0.33303635124679165,0
1.3333333333333333,0.3253404132058598,0.9982392080559934,132.72392398874754,139.33673497717507,140.0596125084686,47.54069687296109,42.31629085491434,54.582929151661546,0.9457532556271477,0.9877861742233972,-6.612810988427526,0.4337872176078131,3.976059194854103,144.43991687953698,109806.98700504014,0.33809726097356835,0
1.3333333333333333,0.43828300895921846,0.9991295954532985,135.22019600602857,151.34090040777207,153.1536607848334,43.521306281682506,43.173998442544374,44.253866837489994,0.887615838189768,0.9817535285069399,-16.120704401743495,0.5843773452789579,2.9743115547228562,130.94917156171687,83152.52057018375,0.3441797163505392,0
1.3333333333333333,0.33530565232384885,0.9981518931227086,141.9007564734968,136.2093538430904,122.90853692597456,50.67563021633475,41.24380652716085,64.97961399609576,1.0341915656550018,1.0992733609990457,5.691402630406401,0.44707420309846513,3.86131337370305,156.89905073959136,135811.02485099103,0.33965840436517725,0
1.3333333333333333,0.3062214596882485,0.9982744136514622,127.17340338136755,133.74981794771844,135.98919439832565,47.6702094420586,43.15435820339807,55.899177034191155,0.9437742129693232,0.9763530513130253,-6.576414566350891,0.4082952795843313,4.216454299615906,146.72374467964784,114994.51774207695,0.33697564663629487,0
1.3333333333333333,0.5772877854617293,0.9995997772145134,138.37568009580002,151.44125586894904,146.926865273182,39.748084775743145,37.00748330187906,39.70880685644445,0.9077311736053858,1.0237576223174667,-13.065575773149021,0.7697170472823057,2.2703236238517346,116.46437493406665,58410.7250493186,0.34675078487592836,0
1.3333333333333333,0.41960452426821265,0.9989728545223411,134.3075655789924,133.34241271327164,153.14371530876824,48.381692017388396,41.897620663722705,59.485541540315864,0.9997406095843046,0.865052541689234,0.9651528657207677,0.5594726990242835,3.1036296361276228,149.76485422142696,120581.81944086181,0.3168831062370858,0
1.3333333333333333,0.5045566460915802,0.999247725594719,133.7314539611257,140.9985135725142,139.31885264737068,43.065968149941156,39.84532806981102,46.53493359413729,0.9417806609139836,1.0048436892999086,-7.267059611388504,0.6727421947887736,2.5912275032514653,129.44622981388946,79852.90504145772,0.3405359626695074,0
1.3333333333333333,0.5209910219645068,0.9994563305405273,138.67582376015253,148.36098860244059,149.15188614485876,40.672295804018454,40.046507414437116,49.33678781543222,0.9284608053128978,0.9880727602669579,-9.68516484228806,0.6946546959526756,2.511028017762714,130.0555910338878,80358.94077998766,0.3401302901934448,0
1.3333333333333333,0.2726537478723063,0.9979036926275877,139.38653740261282,139.98484668229145,133.0687289452811,48.12697123175589,42.30298913757743,62.55796703231659,0.9886632548299292,1.0441274992576752,-0.5983092796786309,0.3635383304964084,4.717196723447267,152.9879274016499,127362.68726319128,0.33940647929181017,0
1.3333333333333333,0.4831436612182851,0.9993224442426963,135.1620098689072,152.12805092159832,148.19852856761506,45.968957878331956,46.483212686760794,45.514147079716345,0.8826730899755935,1.019635061968159,-16.96604105269111,0.6441915482910467,2.7037422118321555,137.9663176448091,97253.9397607037,0.34932729499485693,0
1.3333333333333333,0.37565508328411423,0.9987427079564405,122.32822047759724,136.05584444714836,143.5293289280376,49.12778121965367,45.3696464386914,55.472764195785516,0.8925428971748053,0.9413718686460639,-13.727623969551118,0.500873444378819,3.457320779954712,149.97019185413058,123643.80240792371,0.3385203044439575,0
0.75,0.4362370726713714,0.9991312777512485,152.1088235878292,172.66406420688446,179.5717694368257,31.763205334975222,28.909643598326515,34.57355356188797,0.8758796719546037,0.9562074112990968,-20.55524061905527,0.32717780450352857,1.6807209573829671,95.2464024951897,31747.613139635057,0.34235331282118886,0
0.75,0.4378110425078902,0.9991688627493525,151.87369711979156,172.14753650067104,178.15524070922413,33.231059802247,29.652764774542355,33.09454706048883,0.8771346112637471,0.9608847378351222,-20.27383938087948,0.32835828188091765,1.674813545909345,95.97837163727819,32611.128376939676,0.34280286970921203,0
0.75,0.44177403431654705,0.9990651757513082,128.12845739448235,135.965579894082,140.985571769779,45.33994119075631,40.565882356165815,55.26225257183423,0.9354792459066463,0.9576013830091268,-7.837122499599644,0.3313305257374103,1.6601219703443453,141.16807611875637,101641.35890156117,0.33565150368874525,0
0.75,0.3979261073946964,0.998835726723582,127.56446134283179,123.87293688311118,117.42164283226174,50.92979441202059,43.882100473621314,58.40971827019171,1.0215541055324104,1.04603292033848,3.691524459720611,0.2984445805460223,1.8385682759802469,153.2216131558336,130540.25058438304,0.3358273028302008,0
0.75,0.48167447110208184,0.9992118639262224,150.8319319917145,168.79763485695466,177.0476795649077,32.85653699879882,29.00212274191045,34.43094837132072,0.8883040810243455,0.9480473728691257,-17.96570286524016,0.3612558533265614,1.5253995154942352,96.28960811202998,32809.57156205372,0.3398537703827065,0
0.75,0.2360347392413385,0.9975762189705272,138.20586026754907,150.72537434425396,153.57740767985828,37.952153035148434,38.5592169837064,45.168434798825466,0.9108948378929019,0.9750802307179185,-12.519514076704894,0.1770260544310039,3.0483500107044468,121.67980481768029,66099.72705260973,0.3406156624731174,0
0.75,0.2926184527884388,0.997931757517423,141.49366335636338,144.93793631206674,139.8261101974326,52.72318298253992,44.29010964173655,61.29606448791095,0.9695468288231791,1.0291978959645305,-3.4442729557033545,0.2194638395913291,2.478368364814576,158.3093571121874,143133.39364343148,0.34002419887648877,0
0.75,0.26027568028005227,0.997508475704294,137.90701624004376,137.48959300110235,127.45500297697424,54.72802200931686,46.56935039011838,57.57664871320134,0.9957933535045196,1.070332722079712,0.4174232389414101,0.1952067602100392,2.774944453836433,158.87402111263657,146742.63552662474,0.341290909186333,0
1.3333333333333333,0.47624244375149427,0.9992843668647046,137.4751225365591,151.42133701507206,170.03999352675757,48.1409084474915,39.662755335859764,42.60188087383317,0.9019414553683188,0.8852978411238284,-13.946214478512957,0.6349899250019924,2.7421163052865145,130.4055446571844,81344.07706930826,0.32993965940031467,0
1.3333333333333333,0.4084701665595143,0.9989122917961386,135.0536868907477,144.50854889488133,145.75521409978447,43.52804913073188,41.718139521846226,56.03846420023581,0.9281494999191666,0.984691070646556,-9.454862004133616,0.5446268887460191,3.186208814586328,141.2846528528139,101760.76419408814,0.33976632967637227,0
1.3333333333333333,0.48394303234860625,0.9992191657670455,136.35560579328197,144.03313211433257,145.07395204523954,42.33060928617374,39.34293961947054,56.56655845360181,0.9401686621908576,0.9860288579700034,-7.677526321050607,0.6452573764648083,2.6993666192507746,138.24010735924608,94206.54634836953,0.33853293253585415,0
1.3333333333333333,0.541536144987253,0.9994345016988337,128.6739655765757,136.3954924183556,139.9037102358969,43.928225234850025,39.82644968045332,49.90615149490792,0.9365224674531265,0.9680049743900015,-7.721526841779877,0.7220481933163373,2.4174903956007254,133.66082641021126,87311.07414083023,0.3368013071439151,0
0.75,0.46015241617516733,0.9992094430584406,140.41357424872473,156.08589229748534,155.71591353387038,43.760774354938775,43.75335155436654,44.53096161868319,0.8938649562674477,0.9959798515531808,-15.672318048760616,0.3451143121313755,1.595227364992565,132.0450875279885,85262.56584553437,0.3451583010508066,0
0.75,0.12369406573200493,0.9945747122060071,139.7909800278107,144.63965786681774,142.54995445228408,54.80106261536215,45.890644240587434,60.08464146582566,0.9598414475516315,1.0075911094412495,-4.848677839007053,0.0927705492990037,5.609822664106908,160.77634832177523,151104.22521324176,0.338749958333706,0
0.75,0.29320984852095805,0.9982106504559889,155.2496616078071,172.76749780668305,174.35906773207537,35.64389788983352,33.72957507431032,35.4311224642173,0.8934332574698342,0.9852213520583271,-17.517836198875955,0.21990738639071855,2.4735344305551457,104.80459542836115,42597.19204795499,0.3439006236182412,0
0.75,0.4165961299279975,0.9990792906414258,157.5259100186489,172.9168604043692,174.03518525647124,35.44802415137339,33.00796043650402,34.63307797363355,0.9057541037274351,0.9878977198270271,-15.390950385720316,0.31244709744599813,1.7581031504589313,103.08906256151096,40523.02090910298,0.3427639571910823,0
0.75,0.21918909423067717,0.9977979130150201,154.4295697740014,172.11145128746384,176.107722548212,31.920076014812597,29.897262073578055,32.97612527317444,0.8920817694351147,0.9717896476287866,-17.68188151346243,0.1643918206730079,3.272407016213129,94.7934633615651,31469.87077675552,0.34240899529854163,0
0.75,0.23437246703190612,0.9979221568733811,151.16282876184573,171.13120175336914,177.52779003473728,31.769223672431824,29.713767026864573,32.51762172240194,0.8781837762245625,0.9585689808856709,-19.96837299152341,0.1757793502739296,3.069085519777796,94.00061242169834,30696.092213732638,0.3423844152403632,0
0.75,0.2116108718043275,0.997709448761841,151.03804582718308,170.75263240408327,177.30885461293954,31.658773955309726,29.686946201650038,32.42087199455311,0.8793929019488629,0.9576228436593416,-19.71458657690019,0.15870815385324563,3.384310498368584,93.76659215151287,30470.831735263444,0.34212140298152466,0
0.75,0.5097374772488314,0.9993892437808112,139.3851710008232,158.43488417777942,156.7320220688152,41.15212734243626,42.896536978047855,40.32542977921618,0.8742451297258158,1.0044560521049908,-19.04971317695623,0.3823031079366236,1.4430362112234736,124.37409409970029,71185.82599256122,0.34855166681273686,0
0.75,0.3823035095380863,0.995622045259067,133.28984776628093,153.2129385195314,154.38287720485386,44.113912223801,46.26850561572868,46.217468459463774,0.864323376792405,0.9860348918467918,-19.923090753250477,0.2867276321535647,1.9117850892618313,136.59988629899345,94333.77215720348,0.34751172743174263,0
0.75,0.49956209360084847,0.9992578193824194,131.19226111564035,151.59633125477328,153.25133758302601,44.30208459555694,46.062930598886304,46.77779846293449,0.8597340449594629,0.9827877905640612,-20.404070139132926,0.37467157020063635,1.4718520263155446,137.14281365737773,95458.69777350803,0.34766616734151096,0
0.75,0.6088144704523939,0.9997055978587384,125.20898606313852,138.2881426093485,145.18864041768583,44.961424118984745,42.96778311165681,49.91396954896094,0.8989206383080519,0.9459568282065949,-13.079156546209987,0.4566108528392954,1.2119949287089244,137.8431767796025,96428.43439473244,0.33837278679218324,0
0.75,0.5336116818501587,0.9994493141271258,132.0614200771222,140.84850582437,145.47701296980304,43.85358533558982,41.371110549750654,47.266319335440514,0.9310032510362449,0.9615741266747883,-8.7870857472478,0.40020876138761907,1.3796613005949534,132.49101522078098,85753.93735267411,0.3366465172271977,0
0.75,0.45009706967260066,0.9990704688351022,139.23952929882216,146.55589129148976,144.01197330484817,53.781525510912275,44.88110402666807,54.10938078083228,0.9436392412401955,1.010646831095774,-7.316361992667595,0.3375728022544505,1.6300907991735105,152.77201031841264,130607.82953433228,0.3409803865013037,0
1.3333333333333333,0.33213399234426794,0.9984913069920488,132.2395216435611,140.26647247027128,143.48133606594465,42.93002972823974,40.12459498077819,50.07086497963085,0.9360998355175191,0.9708276258343181,-8.026950826710191,0.4428453231256906,3.8971086275218267,133.12548968864877,86249.57124250542,0.33718928989893127,0
1.3333333333333333,0.4472917121729227,0.9991991441124537,158.24749312786045,170.83361921083693,175.98089867740757,34.49356909984176,31.309449396085885,34.94323586721963,0.920934412338097,0.9652658591265513,-12.586126082976477,0.5963889495638969,2.915717249712891,100.74625436314727,37737.809142980834,0.3382428602522424,0
1.3333333333333333,0.4729815672995296,0.999206652905743,157.79191875768953,171.79461043693973,175.21023264883743,34.70037074496301,32.286827079805384,34.176745646154515,0.9131761595959884,0.9749411702968611,-14.002691679250205,0.6306420897327061,2.7606298534089664,101.16394347092292,38290.42518767384,0.34032431152997733,0
1.3333333333333333,0.34360136165475985,0.99866433661409,157.53319572324938,172.53157765527524,175.2069529219153,34.40958165357858,30.190178822039634,32.63440514480653,0.9078070853259512,0.9791417125959339,-14.998381932025865,0.4581351488730131,3.770724544423951,97.23416562042473,33901.6455455561,0.34146295681046307,0
1.3333333333333333,0.3962121865614817,0.9988239506379315,130.15783153915,143.94336094158461,145.07591100579296,43.42285515580729,42.073878036364086,49.10455819230573,0.897990985538182,0.9854010832482587,-13.785529402434605,0.5282829154153089,3.282356801305685,134.60129138447712,89712.4521412509,0.3433950942079807,0
1.3333333333333333,0.4167934581019777,0.9990405157252595,143.84939963396988,158.01306304091608,154.19158853075038,42.49566684205679,43.05722444214008,44.95754092101938,0.9046388823851258,1.018180589147115,-14.163663406946199,0.5557246108026369,3.1240716276741702,130.51043220521626,82260.8566194438,0.3464788057976651,0
1.3333333333333333,0.2360637594874906,0.9979311838379913,131.13655623266385,145.48260505692198,149.36686882973453,41.495756493995664,41.538598150890245,44.46493599200112,0.8952363741872642,0.9675176865035132,-14.346048824258133,0.3147516793166541,5.418649768297624,127.49929063688703,76643.12317831004,0.34151966207946244,0
1.3333333333333333,0.30064923081003364,0.9986296657405275,127.18362690371355,140.25371850660528,144.5891128304232,42.970981701231146,43.78001272974051,46.08203246438086,0.9003913542832942,0.9633530679589181,-13.070091602891736,0.40086564108004485,4.292086382627116,132.83302689535253,86692.75101550271,0.34039978671626164,0
1.3333333333333333,0.18985105843104985,0.9974537798782345,114.93014264102915,127.40100679373319,131.42666769782576,38.63672974730807,40.99104912808397,43.49955905002847,0.895087550408822,0.9620494799766446,-12.470864152704038,0.2531347445747331,6.671635085652266,123.1273379254205,68892.8654351224,0.3408651296476791,0
1.3333333333333333,0.16031754417125382,0.9966326549788265,112.83759817789266,123.69230916640629,128.47655487619573,39.389006008519466,40.50975167251424,45.41320077239225,0.9049282905436205,0.9553259220148367,-10.85471098851363,0.21375672556167175,7.828514319069034,125.31195845342597,72463.0675475721,0.3388770390911208,0
1.3333333333333333,0.22272696562193875,0.9975741658946213,120.66391031145582,126.40414289885567,127.19858487375706,42.576498304504206,45.39174903564162,54.4738257693993,0.9470956561220241,0.9860026381986318,-5.740232587399845,0.29696928749591833,5.7291742268462,142.4420731095451,105277.29917235249,0.33773820596444004,0
1.3333333333333333,0.5690683194684283,0.9996115533001639,111.92991746279903,128.44270357491652,153.28272970354735,56.440309405847294,54.8555659797456,54.46712035422247,0.8647062705857209,0.8325151092524603,-16.512786112117496,0.7587577592912377,2.3025492649249113,165.76299573981538,168633.75132653367,0.32628212301206044,0
1.3333333333333333,0.4634101590138077,0.9991968873713011,137.81169819001332,134.73921402555024,114.93532765075973,51.82526068818198,40.66306030543796,50.736211864643494,1.0152681314632703,1.1621928945716598,3.072484164463077,0.6178802120184103,2.816444277644757,143.22453285826344,106920.15855712867,0.3477264484850692,0
1.3333333333333333,0.6043692321726389,0.9996605861306598,131.93159241254753,119.97483357377577,104.27760513596517,57.33774731282211,36.95720844192944,55.12298843205743,1.0905705634394598,1.1396045096089453,11.956758838771762,0.8058256428968519,2.1702475702081774,149.417944186809,116807.98713243769,0.3368338361373221,0
1.3333333333333333,0.5255908604741086,0.9994710198738473,103.42950669934727,116.59854796603985,120.29907357203997,38.96974835020904,40.69818050047089,44.26465313622618,0.8795134675405659,0.9612484624360427,-13.169041266692574,0.7007878139654782,2.489462445556031,123.93258198690611,70203.64481193789,0.3426072689823763,0
1.3333333333333333,0.4667160965755522,0.9992690207849211,143.34501848440365,166.86113891303435,155.9045176821326,35.29676417538127,35.55271287760812,34.02273501540504,0.8539499935042617,1.0634565618503893,-23.5161204286307,0.6222881287674029,2.7969127598401125,104.87221206839442,42694.984629599894,0.3579860917893571,0
1.3333333333333333,0.4583730085877269,0.9992673387269173,122.1689624528156,135.23282308781438,138.86470378872622,39.275518779910534,39.965256490943645,44.294629079860414,0.8967659898970651,0.9668831336610232,-13.063860634998775,0.6111640114503025,2.8467339254960464,123.5354043507146,69527.3383581328,0.34126737114885297,0
1.3333333333333333,0.608439457530366,0.9996520105142801,140.4611936541815,159.50734183200987,175.85670206852103,32.02894651804046,31.98932525610226,29.51976517273075,0.8751075935279704,0.90190159584798,-19.04614817782837,0.811252610040488,2.155964204900146,93.53803694687346,30245.49052679068,0.33522253391124307,0
1.3333333333333333,0.49952068673396943,0.9993482941868072,121.5496073752982,134.93716166625308,155.8168454099525,38.161962699375444,37.40987100535784,44.79077002741256,0.8941602567348098,0.8604761900004985,-13.387554290954881,0.6660275823119592,2.6168384680904864,120.36260373214584,63944.83074126672,0.32727620359516574,0
1.3333333333333333,0.6625814219631786,0.9998139214340597,128.15009858166428,149.47453134745993,173.2925223453413,41.03450565420611,36.67339167923833,33.699474073449565,0.8516397920240308,0.8576072532319702,-21.32443276579565,0.8834418959509047,1.9824117791441591,111.407371406894,50713.47913658122,0.3314900100683625,0
1.3333333333333333,0.6195907810393274,0.9997188510840522,132.4999747333217,152.15683503024783,177.96156610091182,42.22306407664109,35.91131483848094,32.00791045273754,0.8651260957903283,0.8502207392644883,-19.65686029692614,0.8261210413857698,2.1177777271964953,110.14228936785958,48533.13842679382,0.32890356926682135,0
0.75,0.2357126025686704,0.9975908672721899,117.63706618378482,134.7868186175343,132.8920101123795,56.6509194348436,51.08957521093845,60.01644174169474,0.8663364189651486,1.0066830612551396,-17.14975243374947,0.1767844519265028,3.052346490003068,167.7569363874768,173703.87141702053,0.34980861261309576,0
0.75,0.22824862733088996,0.9974225554138687,117.89734883102756,130.9155504818241,123.71850040057144,53.31237172719604,47.52600071493124,54.099187200336964,0.8937335166354929,1.0496882985391016,-13.018201650796556,0.1711864704981675,3.1479719669417765,154.93755964246424,137072.39908017314,0.3514215193203402,0
0.75,0.39916132687915135,0.9988434789544847,127.00439844454806,134.7130280306943,121.04757736642877,43.256905701594164,35.766288425534135,46.04809712516069,0.9358305557505018,1.1037746994865738,-7.70862958614623,0.2993709951593635,1.8330178116308575,125.071291252289,71242.80535956523,0.35194708679902637,0
0.75,0.2587844188668443,0.998008282322093,113.48724221444219,126.46046793156164,146.14022026059325,48.956046822716004,43.562145745150815,43.486601508475154,0.8903720820747166,0.8594554752439091,-12.973225717119448,0.19408831415013322,2.790340314970228,136.00479407634197,92740.85040472777,0.32754317856656007,0
0.75,0.18055717180752281,0.9967231782331718,115.6798107649866,116.12624234411403,106.85398640642302,58.30585650113048,39.84393279859131,51.49544501285651,0.9876506617972268,1.0766986572616697,-0.4464315791274345,0.1354178788556421,3.935826675458622,149.64523431257828,119630.85150369654,0.3428991578405311,0
0.75,0.13768776593055157,0.995986322665864,122.77416708003938,123.29766127049322,109.77484778722436,53.41800321658865,39.02783898194409,54.95463078439262,0.9877431789554072,1.1130474447351315,-0.5234941904538459,0.10326582444791368,5.078281164823623,147.40047298292535,114568.82230307614,0.3464909736089868,0
0.75,0.2935296828637788,0.9983220103739519,128.33995466328318,137.07897829854346,135.7526664538437,41.33337868985769,33.27106665055916,54.30198355280087,0.9294677310386572,1.0023861461217645,-8.739023635260281,0.2201472621478341,2.4709280256342927,128.9064288932177,74676.39172538425,0.3416966168547498,0
